country_export,country_import,Actual WF (m3)
Canada,"Korea, Democratic People's Republic of",
Canada,El Salvador,970020.5225
Canada,Haiti,
Canada,Jordan,993231.8051
Canada,Jordan,277060.8441
Canada,Kenya,1016164.079
Canada,Kenya,424579.4189
Canada,Mali,277060.8441
Canada,Mali,103073.6204
Canada,Senegal,1108653.467
Canada,Senegal,838971.3288
Canada,Swaziland,326599.553
Canada,Tanzania,92336.98938
China,"Korea, Democratic People's Republic of",4050716.381
China,"Korea, Democratic People's Republic of",7646.046594
China,"Korea, Democratic People's Republic of",2667894.183
China,"Korea, Democratic People's Republic of",3236851.131
China,Guinea-Bissau,5449130.275
Denmark,Burkina Faso,0
Denmark,Eritrea,270773.6176
Denmark,Haiti,0
Denmark,Madagascar,344981.4501
Denmark,Nicaragua,330916.7825
Denmark,Rwanda,416955.146
Denmark,Uganda,533446.6856
Denmark,Uganda,310001.8039
Finland,Djibouti,0
Finland,Rwanda,0
France,Yemen,405569.9149
India,Afghanistan,
Italy,Algeria,70707.75152
Italy,Armenia,6036290.534
Japan,Angola,4912033.698
Japan,"Congo, Democratic Republic of the",
Japan,"Congo, Democratic Republic of the",6733315.055
Japan,Gambia,5019529.225
Japan,Mozambique,
Japan,Nepal,9930539.156
Japan,Sao Tome and Principe,3389692.283
Japan,Tanzania,9010172.692
Netherlands,Burundi,0
Netherlands,Central African Republic,0
Netherlands,Tajikistan,0
Norway,Indonesia,
Norway,Mozambique,
"Korea, Republic of","Korea, Democratic People's Republic of",45390698.51
Spain,Algeria,0
Spain,Algeria,
Spain,Cape Verde,1442773.59
United States of America,Afghanistan,56682761.64
United States of America,Afghanistan,150946.1007
United States of America,Angola,1611135.404
United States of America,Angola,5744314.454
United States of America,Angola,2067218.853
United States of America,Bangladesh,394774.6066
United States of America,Bangladesh,7453096.686
United States of America,Bangladesh,415574.0927
United States of America,Bangladesh,298356.107
United States of America,Bangladesh,79355866.29
United States of America,Bangladesh,66822895.81
United States of America,Benin,695944.6568
United States of America,Bolivia,493683.9233
United States of America,Bolivia,484256.7931
United States of America,Burkina Faso,63915.29546
United States of America,Burundi,7292179.506
United States of America,Cambodia,3100822.077
United States of America,Cape Verde,4394050.655
United States of America,Chad,332462.5167
United States of America,Chad,355541.0275
United States of America,Côte d'Ivoire,4444041.599
United States of America,Côte d'Ivoire,734728.6025
United States of America,Côte d'Ivoire,220561.4096
United States of America,Côte d'Ivoire,20878339.71
United States of America,"Korea, Democratic People's Republic of",3196711.003
United States of America,"Korea, Democratic People's Republic of",84746.65625
United States of America,Ecuador,50981142.67
United States of America,El Salvador,15809607.17
United States of America,El Salvador,50994872.06
United States of America,El Salvador,2149264.513
United States of America,El Salvador,791824.8678
United States of America,Eritrea,3138145.973
United States of America,Eritrea,867390.8448
United States of America,Eritrea,1278699.106
United States of America,Eritrea,21574753.56
United States of America,Eritrea,1054918.851
United States of America,Eritrea,5511368.865
United States of America,Eritrea,119403.5841
United States of America,Eritrea,7985416.028
United States of America,Ethiopia,42168836.51
United States of America,Ethiopia,2623493.561
United States of America,Ethiopia,383606.8548
United States of America,Ethiopia,511475.8065
United States of America,Gambia,814255.2485
United States of America,Gambia,191819.411
United States of America,Ghana,37265483.43
United States of America,Guatemala,64428.89523
United States of America,Guatemala,813276.8482
United States of America,Guatemala,713343.2733
United States of America,Guatemala,778972.9393
United States of America,Guatemala,859918.6996
United States of America,Guatemala,986512.0091
United States of America,Guatemala,4906971.018
United States of America,Guinea,542627.8798
United States of America,Guinea,1694263.609
United States of America,Haiti,302898.6201
United States of America,Haiti,36284812.81
United States of America,Honduras,240166.907
United States of America,Honduras,652138.0135
United States of America,Honduras,474483.3188
United States of America,Honduras,470360.3025
United States of America,Honduras,62129.59279
United States of America,Honduras,1078714.218
United States of America,Honduras,391724.8976
United States of America,Honduras,799180.9476
United States of America,Honduras,85073.86342
United States of America,Honduras,16671400.48
United States of America,India,15476943.67
United States of America,India,4890987.399
United States of America,India,38424619.96
United States of America,Indonesia,3201345.422
United States of America,Indonesia,26097924.63
United States of America,Kenya,542132.4717
United States of America,Kenya,10243405.89
United States of America,Kenya,2477709.522
United States of America,Lesotho,958687.8746
United States of America,Madagascar,1424759.413
United States of America,Madagascar,7672137.097
United States of America,Malawi,11598041.73
United States of America,Malawi,638890.8233
United States of America,Mali,41419.72852
United States of America,Mongolia,49033530.83
United States of America,Mozambique,928901.6127
United States of America,Mozambique,330788.5208
United States of America,Mozambique,5863333.734
United States of America,Mozambique,6864694.316
United States of America,Niger,3636310.832
United States of America,Niger,4795085.686
United States of America,Nigeria,18268547.24
United States of America,Peru,1180872.098
United States of America,Peru,543443.0444
United States of America,Peru,362447.4188
United States of America,Peru,20397948.83
United States of America,Peru,17642718.6
United States of America,Philippines,83861331.15
United States of America,Rwanda,1464293.073
United States of America,Rwanda,319672.379
United States of America,Rwanda,1918034.274
United States of America,Somalia,4100020.606
United States of America,Somalia,2607878.615
United States of America,Sri Lanka,14168914.73
United States of America,Sri Lanka,1576328.968
United States of America,Sri Lanka,95348.6805
United States of America,Sudan,5757892.638
United States of America,Sudan,8051607.08
United States of America,Sudan,12051779.1
United States of America,Sudan,10964746.62
United States of America,Sudan,5693684.292
United States of America,Uganda,1009062.249
United States of America,Uganda,6696497.894
United States of America,Uganda,43649.34574
United States of America,Uganda,3193188.214
United States of America,Uganda,750586.6135
United States of America,Uganda,105429.1013
United States of America,Uganda,1034975.466
United States of America,Uganda,334644.984
United States of America,Uganda,31967.2379
United States of America,Uganda,33150.67855
United States of America,Uganda,9806706.166
United States of America,Zambia,45717996.16
United States of America,Zambia,111839.4097
United States of America,Zambia,7076497.269
United States of America,Zambia,13729388.63
United States of America,Zimbabwe,1309938.88
Australia,"Korea, Democratic People's Republic of",428045.3847
Australia,Sri Lanka,1044235.643
Canada,El Salvador,111123.596
Canada,Haiti,185629.9343
Canada,Mali,1108653.467
Canada,Mali,467067.3241
Canada,Mozambique,100676.5595
Canada,Senegal,785144.2691
Canada,Senegal,335288.8989
Canada,Somalia,1058400.687
Canada,Tanzania,1342354.126
China,"Korea, Democratic People's Republic of",8171515.76
China,"Korea, Democratic People's Republic of",8009482.052
Denmark,Burkina Faso,223303.2638
Denmark,Madagascar,0
Denmark,Nicaragua,506854.2052
Denmark,Zambia,468189.1108
Egypt,Mauritania,57947.867
Egypt,Mauritania,33549.2936
Egypt,Mauritania,4366.293646
Finland,Rwanda,0
India,Afghanistan,
Italy,Sri Lanka,8094.519935
Japan,Bangladesh,12825752.02
Japan,Kenya,3730606.669
Japan,Niger,7371121.848
Japan,Senegal,6931721.084
"Korea, Republic of","Korea, Democratic People's Republic of",52658188.13
Saudi Arabia,Jordan,0
Spain,Algeria,0
Spain,Algeria,547507.4044
Switzerland,Albania,0
Switzerland,Serbia and Montenegro,0
Syrian Arab Republic,Occupied Palestinian Territory,766721.4977
United States of America,Angola,637410.7402
United States of America,Angola,536189.0201
United States of America,Bolivia,168675.3461
United States of America,Bolivia,945064.2959
United States of America,Bolivia,144562.0796
United States of America,Bolivia,1161157.767
United States of America,Bolivia,2428532.715
United States of America,Bolivia,2837169.256
United States of America,Burkina Faso,41549.16518
United States of America,Burkina Faso,33150.67855
United States of America,Burkina Faso,257199.1976
United States of America,Burkina Faso,6268573.177
United States of America,Burkina Faso,1713443.952
United States of America,Burkina Faso,1737212.674
United States of America,Burkina Faso,3427527.435
United States of America,Cambodia,9818474.213
United States of America,Cambodia,95901.71371
United States of America,Chad,1184365.429
United States of America,Chad,904492.7887
United States of America,Chad,884408.8006
United States of America,Chad,618481.1595
United States of America,Chad,5374074.979
United States of America,Congo,1123167.683
United States of America,Congo,319515.7396
United States of America,Congo,437532.6007
United States of America,"Korea, Democratic People's Republic of",2141636.349
United States of America,El Salvador,257792.338
United States of America,Eritrea,145329.937
United States of America,Ethiopia,2324551.503
United States of America,Ethiopia,10197548.89
United States of America,Ethiopia,178175.6589
United States of America,Ethiopia,191384.7806
United States of America,Ethiopia,2824331.376
United States of America,Ethiopia,1021858.782
United States of America,Ethiopia,9100623.322
United States of America,Ethiopia,392268.2466
United States of America,Ethiopia,637951.9762
United States of America,Ethiopia,95901.71371
United States of America,Ethiopia,543443.0444
United States of America,Guatemala,226182.0135
United States of America,Guatemala,198772.8595
United States of America,Guatemala,346956.3379
United States of America,Guatemala,319672.379
United States of America,Guinea,111305.8316
United States of America,Guinea,220562.5146
United States of America,Haiti,4691449.925
United States of America,Haiti,1807025.995
United States of America,Haiti,162632.3396
United States of America,Haiti,639344.7581
United States of America,Haiti,534526.9767
United States of America,India,4654262.746
United States of America,India,4082216.28
United States of America,Indonesia,2174827.053
United States of America,Kenya,519299.8464
United States of America,Kenya,2227235.847
United States of America,Lesotho,1085987.257
United States of America,Liberia,13275632.34
United States of America,Liberia,1396942.723
United States of America,Liberia,547924.3603
United States of America,Malawi,2146714.116
United States of America,Malawi,1892283.079
United States of America,Mali,62375.00468
United States of America,Mali,159474.9597
United States of America,Mali,87849.29816
United States of America,Mozambique,3808767.658
United States of America,Mozambique,1071161.404
United States of America,Nicaragua,347972.3284
United States of America,Nicaragua,318671.8045
United States of America,Nicaragua,130751.9839
United States of America,Nicaragua,4671914.817
United States of America,Niger,11745668.97
United States of America,Niger,2174827.053
United States of America,Niger,1918034.274
United States of America,Peru,6393447.581
United States of America,Philippines,2453150.213
United States of America,Rwanda,117143.4459
United States of America,Rwanda,372777.5567
United States of America,Rwanda,179074.2389
United States of America,Rwanda,95901.71371
United States of America,Rwanda,654386.2994
United States of America,Somalia,110914.4398
United States of America,Somalia,639031.4791
United States of America,Somalia,1241706.167
United States of America,Sri Lanka,221604.3707
United States of America,Sri Lanka,5206609.529
United States of America,Sri Lanka,1098116.227
United States of America,Sudan,129149336.4
United States of America,Sudan,3608233.993
United States of America,Sudan,9490350.474
United States of America,Sudan,1761958.565
United States of America,Sudan,1137653.936
United States of America,Tajikistan,2004108.646
United States of America,Tajikistan,639344.7581
United States of America,Tajikistan,5828943.448
United States of America,Tajikistan,799180.9476
United States of America,Tajikistan,926513.4263
United States of America,Tanzania,127833.7877
United States of America,Tanzania,618204.9038
United States of America,Uganda,1043854.821
United States of America,Uganda,3459601.255
United States of America,Uganda,5773772.264
United States of America,Uganda,1536090.837
United States of America,Zambia,392268.2466
United States of America,Zambia,22250.08736
United States of America,Zimbabwe,31064.79639
United States of America,Zimbabwe,1220614.781
Australia,"Korea, Democratic People's Republic of",5478980.924
Belgium,Cape Verde,3557.86226
Canada,Cambodia,
Canada,Côte d'Ivoire,88032.063
Canada,Haiti,333370.7881
Canada,Malawi,195959.7318
Canada,Mali,1200577.595
Canada,Mozambique,100676.5595
Canada,Somalia,138580.298
Canada,Sudan,22172.81369
Canada,Yemen,1912227.731
Canada,Yemen,464965.6754
China,"Korea, Democratic People's Republic of",33637467.14
China,"Korea, Democratic People's Republic of",8154078.544
China,"Korea, Democratic People's Republic of",5532711.765
China,Liberia,35964259.82
Denmark,Central African Republic,107217.0375
Denmark,Gambia,272926.2113
Denmark,Honduras,47652.01668
Denmark,Honduras,0
Denmark,Honduras,372172.1063
Denmark,Kenya,186086.0531
Denmark,Mauritania,148868.8425
Denmark,Sierra Leone,24811.47375
Denmark,Zambia,0
European Community,Haiti,284945.7836
Germany,"Korea, Democratic People's Republic of",0
India,Afghanistan,
India,Guinea,2507380.177
Italy,Cape Verde,2731.766938
Japan,Lao People's Democratic Republic,616410.0645
Japan,Maldives,5061515.592
Japan,Peru,1024278.807
Japan,Uganda,3347717.839
Luxembourg,Mauritania,556834.3235
Libyan Arab Jamahiriya,Niger,0
Libyan Arab Jamahiriya,Niger,174658.6155
Libyan Arab Jamahiriya,Niger,
Norway,Algeria,14297.88412
"Korea, Republic of","Korea, Democratic People's Republic of",21969253.03
Saudi Arabia,Djibouti,0
Saudi Arabia,Syrian Arab Republic,0
Switzerland,Bulgaria,0
Switzerland,Moldova,0
Syrian Arab Republic,Occupied Palestinian Territory,1491311.649
China,Lao People's Democratic Republic,1632559.43
United States of America,Afghanistan,51092939.12
United States of America,Afghanistan,959767.3952
United States of America,Angola,5081659.447
United States of America,Angola,3356559.98
United States of America,Angola,1705160.402
United States of America,Bolivia,698599.9638
United States of America,Bolivia,423208.3873
United States of America,Bolivia,549227.481
United States of America,Bolivia,184295.6723
United States of America,Bolivia,8212135.743
United States of America,Bolivia,2869816.897
United States of America,Chad,12308908.44
United States of America,"Korea, Democratic People's Republic of",325113.0411
United States of America,"Congo, Democratic Republic of the",93194.38918
United States of America,El Salvador,7777462.387
United States of America,Eritrea,22585153.1
United States of America,Eritrea,12356449.77
United States of America,Eritrea,6507110.157
United States of America,Eritrea,4187708.165
United States of America,Eritrea,2366172.75
United States of America,Eritrea,35257.82949
United States of America,Ethiopia,20927510.96
United States of America,Ethiopia,67980087.14
United States of America,Ethiopia,2728419.873
United States of America,Ethiopia,9588448.337
United States of America,Ethiopia,835133.5882
United States of America,Ethiopia,5648662.752
United States of America,Ethiopia,9394824.507
United States of America,Ethiopia,346956.3379
United States of America,Ethiopia,2557379.032
United States of America,Ethiopia,374168.8837
United States of America,Ghana,2847344.67
United States of America,Ghana,2322028.404
United States of America,Ghana,1807025.995
United States of America,Ghana,639344.7581
United States of America,Guatemala,4795085.686
United States of America,Haiti,103549.3213
United States of America,Haiti,1807025.995
United States of America,Haiti,831231.9578
United States of America,Haiti,799180.9476
United States of America,Haiti,890878.2945
United States of America,Haiti,12026944.44
United States of America,India,12162276.99
United States of America,India,1950001.512
United States of America,Kenya,1795661.724
United States of America,Kenya,1343816.609
United States of America,Kenya,838262.1814
United States of America,Kenya,1914770.419
United States of America,Kenya,274099.7555
United States of America,Kenya,4540479.962
United States of America,Kenya,382657.4279
United States of America,Kenya,1230663.69
United States of America,Malawi,4827052.923
United States of America,Nicaragua,3098919.148
United States of America,Peru,25452314.82
United States of America,Peru,5444020.615
United States of America,Philippines,861917.6423
United States of America,Sierra Leone,1949669.291
United States of America,Sierra Leone,111780.3784
United States of America,Sierra Leone,543471.8149
United States of America,Sierra Leone,220395.6562
United States of America,Somalia,247664.1659
United States of America,Sri Lanka,1819424.935
United States of America,Sudan,107153955.6
United States of America,Sudan,8806367.424
United States of America,Sudan,1474403.577
United States of America,Sudan,1628139.221
United States of America,Tajikistan,10042969.88
United States of America,Tajikistan,257119.3918
United States of America,Tajikistan,35635.13178
United States of America,Tanzania,365759.133
United States of America,Uganda,437884.1925
United States of America,Uganda,391249.2317
United States of America,Uganda,198130.5555
Australia,"Korea, Democratic People's Republic of",2011813.308
Austria,Angola,1937756.876
Belgium,Cape Verde,70062.51835
Canada,China,58275500.55
Canada,Egypt,2313584.314
Canada,Eritrea,1782465.828
Canada,Eritrea,1610525.319
Canada,Ethiopia,3522012.991
Canada,Ethiopia,1348348.92
Canada,Malawi,97979.8659
Canada,Senegal,369147.3847
Canada,Sudan,929909.1836
Canada,Swaziland,97979.8659
Canada,Tanzania,368847.7521
China,"Korea, Democratic People's Republic of",8618692.723
China,"Korea, Democratic People's Republic of",196168.6899
China,"Korea, Democratic People's Republic of",10440699.55
China,Mauritania,0
China,Mauritania,1338607.62
Denmark,Iraq,714780.2502
Denmark,Lesotho,0
Denmark,Mali,0
Denmark,Nepal,0
Denmark,Tanzania,111651.6319
Denmark,Uganda,310143.4219
European Community,Algeria,1944824.162
European Community,Guinea-Bissau,827499.6948
Germany,"Korea, Democratic People's Republic of",287640.5135
Hungary,Sri Lanka,56121.40552
India,Afghanistan,
Italy,Cape Verde,10927.06775
Japan,Honduras,
Japan,Lao People's Democratic Republic,2134451.658
Japan,Nicaragua,
Japan,Peru,511371.5782
Luxembourg,Ethiopia,556834.3235
Luxembourg,Mauritania,556834.3235
Netherlands,Chad,0
Norway,East Timor,
Saudi Arabia,Afghanistan,0
Sri Lanka,Cape Verde,20191.75689
United States of America,Afghanistan,3179237.711
United States of America,Afghanistan,326976.1928
United States of America,Bolivia,271053.8993
United States of America,Bolivia,343346.0049
United States of America,Bolivia,279803.4983
United States of America,Bolivia,356351.3178
United States of America,Bolivia,1633374.347
United States of America,Burkina Faso,758950.918
United States of America,Burkina Faso,251176.6133
United States of America,Burkina Faso,641432.3721
United States of America,Burkina Faso,2157428.436
United States of America,Burundi,800833.6538
United States of America,Burundi,2472046.1
United States of America,Chad,3922682.466
United States of America,"Congo, Democratic Republic of the",681587.5202
United States of America,"Congo, Democratic Republic of the",44768.55973
United States of America,"Congo, Democratic Republic of the",638820.4954
United States of America,"Congo, Democratic Republic of the",219070.7341
United States of America,Eritrea,7882218.432
United States of America,Eritrea,34519605.7
United States of America,Eritrea,2238427.987
United States of America,Eritrea,3755408.363
United States of America,Ethiopia,34343084.99
United States of America,Ethiopia,63488615.72
United States of America,Ethiopia,4036746.335
United States of America,Ethiopia,687876.5799
United States of America,Ethiopia,863115.4234
United States of America,Georgia,766376.0682
United States of America,Guinea,1940941.323
United States of America,Haiti,1565177.793
United States of America,Haiti,2927382.112
United States of America,Haiti,1604639.084
United States of America,Haiti,1246722.278
United States of America,Haiti,890878.2945
United States of America,Haiti,32558264.47
United States of America,Haiti,16606980.09
United States of America,India,54344.30444
United States of America,Indonesia,2470603.532
United States of America,Kenya,504375.8004
United States of America,Kenya,2728895.539
United States of America,Kenya,3033839.599
United States of America,Kenya,474255.2406
United States of America,Kenya,526764.2822
United States of America,Kenya,13317506.97
United States of America,Lesotho,447685.5973
United States of America,Madagascar,452364.027
United States of America,Madagascar,414109.1775
United States of America,Madagascar,4962193.32
United States of America,Malawi,380543.7558
United States of America,Malawi,78344.97953
United States of America,Mauritania,20162807.55
United States of America,Mauritania,17244112.12
United States of America,Mozambique,3387772.965
United States of America,Nicaragua,452364.027
United States of America,Nicaragua,463256.7132
United States of America,Peru,4616069.153
United States of America,Peru,3350166.532
United States of America,Rwanda,517746.6065
United States of America,Rwanda,380532.7577
United States of America,Rwanda,159836.1895
United States of America,Rwanda,575465.3386
United States of America,Rwanda,3589920.817
United States of America,Senegal,814968.7238
United States of America,Senegal,1292981.788
United States of America,Senegal,444344.6069
United States of America,Senegal,796445.1953
United States of America,Senegal,1278689.516
United States of America,Sierra Leone,1949573.186
United States of America,Sierra Leone,607377.5202
United States of America,Sierra Leone,5884023.7
United States of America,Sudan,3523283.884
United States of America,Sudan,662015.077
United States of America,Sudan,1745411.19
United States of America,Sudan,124722.9612
United States of America,Tajikistan,2771873.976
United States of America,Tajikistan,18151691.1
United States of America,Uganda,572601.8595
United States of America,Uganda,2399007.214
United States of America,Uganda,943109.2174
United States of America,Zambia,902163.9406
United States of America,Zambia,130097.5696
United States of America,Zimbabwe,2792914.579
Australia,"Korea, Democratic People's Republic of",4708499.232
Austria,Angola,2005998.72
Canada,Bangladesh,1019318.307
Canada,"Congo, Democratic Republic of the",1487890.715
Canada,"Congo, Democratic Republic of the",571436.0839
Canada,Egypt,1703334.539
Canada,Eritrea,1275236.42
Canada,Ethiopia,3185369.708
Canada,Kenya,511411.2586
Canada,Malawi,228499.8341
Canada,Mali,418467.4453
Canada,Mali,268470.8252
Canada,Mozambique,604059.3567
Canada,Rwanda,418364.9225
Canada,Sudan,1022855.768
Canada,Sudan,469823.9441
Canada,Tanzania,371971.9861
Canada,Tanzania,939647.8883
China,"Korea, Democratic People's Republic of",20045120.95
China,"Korea, Democratic People's Republic of",7646.046594
China,"Korea, Democratic People's Republic of",4674263.95
China,"Korea, Democratic People's Republic of",9195156.109
Cuba,"Korea, Democratic People's Republic of",1101058.494
Denmark,Iraq,1131735.396
Denmark,Mauritania,190608.0667
Denmark,Rwanda,0
Denmark,Uganda,0
European Community,Occupied Palestinian Territory,183888.8211
India,Afghanistan,
Italy,Algeria,
Italy,Algeria,0
Italy,"Congo, Democratic Republic of the",1374728.022
Italy,Mauritania,3620584.719
Japan,Bolivia,639895.2777
Japan,Burundi,130018.3993
Japan,Lao People's Democratic Republic,1115905.946
Japan,Mozambique,1330897
Luxembourg,Ethiopia,551562.9585
Saudi Arabia,Ethiopia,0
Saudi Arabia,Senegal,350459.0021
Switzerland,Ukraine,0
United States of America,Afghanistan,36304426.23
United States of America,Afghanistan,2749009.837
United States of America,Azerbaijan,771040.0169
United States of America,Bangladesh,31381459.73
United States of America,Bolivia,72281.03981
United States of America,Bolivia,436624.9774
United States of America,Bolivia,89537.11946
United States of America,Bolivia,325264.6791
United States of America,Bolivia,442766.5124
United States of America,Bolivia,226529.6368
United States of America,Bolivia,7338475.074
United States of America,Burkina Faso,5654550.337
United States of America,Burundi,1642978.162
United States of America,Burundi,1949972.742
United States of America,Burundi,1047561.442
United States of America,Cape Verde,4076006.199
United States of America,Chad,464703.4667
United States of America,Chad,1223216.954
United States of America,Chad,1694266.806
United States of America,Chad,1779883.963
United States of America,"Congo, Democratic Republic of the",41471.50318
United States of America,"Congo, Democratic Republic of the",220673.0169
United States of America,El Salvador,525375.77
United States of America,Eritrea,13729388.63
United States of America,Eritrea,526030.5768
United States of America,Eritrea,5050823.589
United States of America,Eritrea,2850810.542
United States of America,Ethiopia,24595219.06
United States of America,Ethiopia,2887572.103
United States of America,Ethiopia,16399193.04
United States of America,Ethiopia,307574.737
United States of America,Ethiopia,9746208.542
United States of America,Ethiopia,519360.6306
United States of America,Ethiopia,541461.083
United States of America,Ethiopia,7766911.283
United States of America,Ethiopia,33576.4198
United States of America,Ethiopia,447541.3307
United States of America,Ethiopia,4219675.403
United States of America,Georgia,680738.0329
United States of America,Ghana,3939267.272
United States of America,Ghana,1839552.463
United States of America,Ghana,1502460.181
United States of America,Guatemala,1531078.245
United States of America,Guatemala,54210.77985
United States of America,Guatemala,1354248.932
United States of America,Guatemala,895082.6613
United States of America,Guatemala,789209.6073
United States of America,Guatemala,6361480.343
United States of America,Haiti,2249747.364
United States of America,Haiti,1278689.516
United States of America,Haiti,1122506.651
United States of America,Haiti,3726548.343
United States of America,India,9430128.649
United States of America,Indonesia,167882.099
United States of America,Indonesia,2429510.081
United States of America,Indonesia,198904.0713
United States of America,Kenya,1581420.119
United States of America,Kenya,2944941.663
United States of America,Kenya,290995.6382
United States of America,Kenya,604944.6324
United States of America,Kenya,167882.099
United States of America,Kenya,127868.9516
United States of America,Kenya,213744.2686
United States of America,Lesotho,2258515.31
United States of America,Liberia,255737.9032
United States of America,Liberia,1086871.519
United States of America,Madagascar,746400.6445
United States of America,Madagascar,68272.05359
United States of America,Madagascar,63934.47581
United States of America,Madagascar,84419.44908
United States of America,Malawi,5985065.571
United States of America,Malawi,396076.154
United States of America,Malawi,559606.9966
United States of America,Malawi,927049.8992
United States of America,Nepal,2296617.368
United States of America,Nepal,356173.1422
United States of America,Nicaragua,358148.4778
United States of America,Nicaragua,7005910.885
United States of America,Rwanda,223171.2703
United States of America,Rwanda,1118869.31
United States of America,Rwanda,262056.1139
United States of America,Rwanda,269228.2354
United States of America,Rwanda,287705.1411
United States of America,Rwanda,1684673.438
United States of America,Somalia,229047.1437
United States of America,Somalia,1598285.174
United States of America,Somalia,220507.2635
United States of America,Sudan,333429784.7
United States of America,Sudan,95582.56906
United States of America,Sudan,4734527.015
United States of America,Sudan,998674.5682
United States of America,Sudan,108789.4768
United States of America,Sudan,1502057.245
United States of America,Swaziland,1757151.688
United States of America,Tajikistan,479508.5686
United States of America,Tanzania,8129739.33
United States of America,Uganda,1670729.468
United States of America,Uganda,1000689.231
United States of America,Uganda,898838.0877
United States of America,Uganda,1003747.295
United States of America,Uganda,3212144.161
United States of America,Uganda,63934.47581
United States of America,Zimbabwe,8433767.303
Algeria,Niger,4815.252525
Algeria,Niger,68157.33491
Australia,"Korea, Democratic People's Republic of",699140.795
Canada,Bangladesh,1039436.431
Canada,Côte d'Ivoire,538739.4461
Canada,"Korea, Democratic People's Republic of",4945034.995
Canada,"Congo, Democratic Republic of the",444494.3842
Canada,Eritrea,2592555.64
Canada,Ethiopia,1069370.623
Canada,Guinea,511411.2586
Canada,Kenya,209742.8322
Canada,Mali,418414.7985
Canada,Mali,100676.5595
Canada,Mozambique,1339969.762
Canada,Sudan,4189934.723
Canada,Tanzania,353986.1681
Canada,Tanzania,89889.78523
Canada,Yemen,5566014.437
China,"Korea, Democratic People's Republic of",47344856.1
China,"Korea, Democratic People's Republic of",7646.046594
China,"Korea, Democratic People's Republic of",7136181.008
China,"Korea, Democratic People's Republic of",19775117.04
Denmark,Ethiopia,0
Denmark,Honduras,0
Denmark,Iraq,821997.2878
Denmark,Yemen,0
Equatorial Guinea,Niger,0
Equatorial Guinea,Niger,0
India,Afghanistan,
Italy,Algeria,1000212.556
Italy,Algeria,1294737.087
Italy,Algeria,0
Italy,Cambodia,178079.4386
Italy,"Congo, Democratic Republic of the",1573923.307
Italy,Ethiopia,1839049.425
Italy,Guinea-Bissau,1087437.921
Italy,Somalia,1954077.688
Italy,Yemen,4030157.88
Italy,Yemen,112151.0718
Japan,Bhutan,1023766.923
Japan,Bolivia,639813.3764
Japan,"Congo, Democratic Republic of the",1089817.294
Japan,Indonesia,12825752.02
Japan,Mali,6045487.01
Japan,Mozambique,532358.8001
Morocco,Niger,57635.5724
Morocco,Niger,203683.8439
Saudi Arabia,Afghanistan,525688.5031
South Africa,Niger,11537.99249
United Arab Emirates,Niger,0
United Arab Emirates,Niger,3961.132985
United Arab Emirates,Niger,180354.3057
United Arab Emirates,Niger,0
United States of America,Afghanistan,46777988.41
United States of America,Afghanistan,2166488.641
United States of America,Afghanistan,5755656.43
United States of America,Afghanistan,36465.74641
United States of America,Angola,556359.0376
United States of America,Angola,1598355.502
United States of America,Angola,1048721.716
United States of America,Armenia,3464321.497
United States of America,Azerbaijan,2174987.785
United States of America,Azerbaijan,799340.7838
United States of America,Bangladesh,3961909.291
United States of America,Bangladesh,187853.8451
United States of America,Benin,139791.5838
United States of America,Benin,524037.5386
United States of America,Benin,351639.6169
United States of America,Benin,3914688.695
United States of America,Bolivia,837526.093
United States of America,Burundi,2307716.512
United States of America,Côte d'Ivoire,775622.7299
United States of America,Côte d'Ivoire,334728.925
United States of America,Côte d'Ivoire,194982.7508
United States of America,"Congo, Democratic Republic of the",519002.1421
United States of America,"Congo, Democratic Republic of the",113740.1221
United States of America,"Congo, Democratic Republic of the",550743.273
United States of America,Ethiopia,100028402.9
United States of America,Ethiopia,6335132.183
United States of America,Ethiopia,1117870.936
United States of America,Ethiopia,3196711.003
United States of America,Ethiopia,1342623.992
United States of America,Georgia,3070068.989
United States of America,Guatemala,695944.6568
United States of America,Guatemala,335764.198
United States of America,Guatemala,319672.379
United States of America,Guatemala,345279.2032
United States of America,Guatemala,6393447.581
United States of America,Guinea,11252467.74
United States of America,Haiti,3628481.281
United States of America,India,21264861.65
United States of America,India,3931970.262
United States of America,Indonesia,1389261.292
United States of America,Indonesia,156689.9591
United States of America,Kenya,908800.6185
United States of America,Kenya,550964.2775
United States of America,Kenya,614388.8384
United States of America,Kenya,626759.8362
United States of America,Kenya,1630329.133
United States of America,Kenya,117794.5801
United States of America,Kenya,295953.6027
United States of America,Kenya,33150.67855
United States of America,Lesotho,972690.4675
United States of America,Lesotho,736442.324
United States of America,Liberia,9053649.199
United States of America,Liberia,755347.4511
United States of America,Liberia,159836.1895
United States of America,Madagascar,2936886.452
United States of America,Madagascar,458877.7372
United States of America,Madagascar,111250.4368
United States of America,Malawi,1063451.53
United States of America,Malawi,22384.27987
United States of America,Malawi,5050823.589
United States of America,Mauritania,959042.7109
United States of America,Mauritania,353441.4845
United States of America,Mauritania,652371.5926
United States of America,Mauritania,592704.5264
United States of America,Mozambique,1086748.002
United States of America,Mozambique,10146.40131
United States of America,Mozambique,27458777.26
United States of America,Nepal,319586.0675
United States of America,Nicaragua,25887.33033
United States of America,Nicaragua,69594.46568
United States of America,Nicaragua,134305.6792
United States of America,Nicaragua,287705.1411
United States of America,Nicaragua,71270.26356
United States of America,Nicaragua,4628765.31
United States of America,Occupied Palestinian Territory,3296022.414
United States of America,Occupied Palestinian Territory,959039.5142
United States of America,Pakistan,382091.4691
United States of America,Pakistan,1518813.59
United States of America,Rwanda,1757151.688
United States of America,Rwanda,111921.3993
United States of America,Rwanda,1854099.798
United States of America,Sierra Leone,2588970.428
United States of America,Somalia,467744.4079
United States of America,Somalia,1348653.752
United States of America,Somalia,448860.772
United States of America,Somalia,796979.7223
United States of America,Sudan,3104301.316
United States of America,Sudan,41093686.06
United States of America,Sudan,557508.4704
United States of America,Sudan,3673179.488
United States of America,Sudan,4449224.379
United States of America,Sudan,992255.0601
United States of America,Sudan,153763.8973
United States of America,Tajikistan,2007542.54
United States of America,Tanzania,1595395.336
United States of America,Uganda,16645255.58
United States of America,Uganda,175715.1688
United States of America,Uganda,488352.9068
United States of America,Uganda,22384.27987
United States of America,Uganda,195993.2248
United States of America,Uganda,55251.13092
United States of America,Uganda,12376063.18
United States of America,Uganda,3196723.79
United States of America,Zambia,3387772.965
United States of America,Zimbabwe,952623.6895
Canada,Afghanistan,419425.7379
Canada,Angola,1497563.822
Canada,Burkina Faso,232482.8377
Canada,Burundi,1106123.771
Canada,Chad,479352.2614
Canada,"Congo, Democratic Republic of the",503262.9442
Canada,Ethiopia,27658397.52
Canada,Ethiopia,37213165.44
Canada,Malawi,1435719.65
Canada,Mali,185987.3785
Canada,Mali,89889.78523
Canada,Rwanda,250366.1329
Canada,Sierra Leone,299452.8379
Canada,Tanzania,650936.4285
Canada,Tanzania,743910.7216
Canada,Uganda,697448.513
Canada,Uganda,881818.7931
China,"Korea, Democratic People's Republic of",9152387.365
China,"Korea, Democratic People's Republic of",12233.67455
China,"Korea, Democratic People's Republic of",6121552.951
China,"Korea, Democratic People's Republic of",8321823.195
China,"Korea, Democratic People's Republic of",15117018.85
China,Sri Lanka,
Denmark,Cambodia,273999.0959
Denmark,Cambodia,0
Denmark,Gambia,322549.1588
Denmark,Guatemala,99245.895
Denmark,Guinea,344981.4501
Denmark,Kenya,616038.3037
Denmark,Nicaragua,242672.3072
Denmark,Nicaragua,0
Denmark,Nicaragua,283236.0017
Denmark,Pakistan,0
Denmark,Sao Tome and Principe,0
Denmark,Zambia,0
India,Afghanistan,
Italy,Burundi,2252870.615
Italy,El Salvador,356158.8771
Italy,Sierra Leone,1369116.887
Italy,Somalia,237070.4446
Japan,"Congo, Democratic Republic of the",681297.4359
Japan,Kenya,767825.1925
Japan,Madagascar,1122048.548
Libyan Arab Jamahiriya,Niger,345337.0445
Libyan Arab Jamahiriya,Niger,1051285.714
Libyan Arab Jamahiriya,Niger,0
Libyan Arab Jamahiriya,Niger,63149.76209
Libyan Arab Jamahiriya,Niger,
Libyan Arab Jamahiriya,Niger,0
Norway,Benin,
Switzerland,Romania,0
United Kingdom,Niger,
United States of America,Afghanistan,1085255.76
United States of America,Angola,1231135.393
United States of America,Angola,2013923.201
United States of America,Angola,550465.9123
United States of America,Angola,2940985.887
United States of America,Armenia,452303.7834
United States of America,Azerbaijan,1570262.191
United States of America,Bangladesh,16671400.48
United States of America,Bangladesh,1086886.089
United States of America,Bangladesh,375707.6902
United States of America,Benin,3914688.695
United States of America,Bolivia,307194.4192
United States of America,Bolivia,2649519.749
United States of America,Bolivia,411982.6709
United States of America,Bolivia,394564.126
United States of America,Bolivia,923876.4266
United States of America,Bolivia,22100.45237
United States of America,Burkina Faso,990984.375
United States of America,Burkina Faso,128286.4744
United States of America,Burkina Faso,2609792.463
United States of America,Burundi,574743.2467
United States of America,Burundi,1977603.729
United States of America,Cambodia,3196723.79
United States of America,Côte d'Ivoire,258627.3736
United States of America,Côte d'Ivoire,111780.3784
United States of America,Côte d'Ivoire,64525.25333
United States of America,"Congo, Democratic Republic of the",2074338.835
United States of America,"Congo, Democratic Republic of the",111639.3574
United States of America,"Congo, Democratic Republic of the",474761.4337
United States of America,Djibouti,1261945.418
United States of America,Djibouti,55652.91582
United States of America,Djibouti,95911.30388
United States of America,Eritrea,26311703.36
United States of America,Eritrea,2972262.633
United States of America,Ethiopia,119641815.2
United States of America,Ethiopia,46601467.7
United States of America,Ethiopia,100729.2594
United States of America,Ethiopia,2906311.024
United States of America,Ethiopia,353607.2379
United States of America,Ghana,1516172.785
United States of America,Ghana,903512.9976
United States of America,Ghana,415574.0927
United States of America,Guatemala,179074.2389
United States of America,Guatemala,415574.0927
United States of America,Guatemala,197302.4018
United States of America,Guatemala,1694263.609
United States of America,Haiti,139791.5838
United States of America,Haiti,3794754.59
United States of America,Haiti,397545.7189
United States of America,Haiti,1022951.613
United States of America,Haiti,1621398.496
United States of America,Haiti,3138145.973
United States of America,Honduras,539357.1091
United States of America,Honduras,223842.7987
United States of America,Honduras,189780.1569
United States of America,Honduras,5219584.926
United States of America,Honduras,11238433.15
United States of America,India,10357385.08
United States of America,Indonesia,1541024.728
United States of America,Indonesia,1214755.04
United States of America,Indonesia,516709.4108
United States of America,Indonesia,221004.5237
United States of America,Iraq,1720203.178
United States of America,Kenya,5646288.275
United States of America,Kenya,1502444.198
United States of America,Lesotho,1183033.832
United States of America,Lesotho,315708.4415
United States of America,Liberia,5334848.154
United States of America,Madagascar,1929506.561
United States of America,Madagascar,181927.1848
United States of America,Malawi,2937793.263
United States of America,Malawi,1277078.367
United States of America,Malawi,651862.1181
United States of America,Malawi,904302.675
United States of America,Mauritania,703677.2983
United States of America,Nicaragua,260979.2463
United States of America,Nicaragua,391724.8976
United States of America,Nicaragua,63934.47581
United States of America,Nicaragua,285081.0542
United States of America,Occupied Palestinian Territory,7892889.562
United States of America,Pakistan,499106.9815
United States of America,Rwanda,2237706.653
United States of America,Senegal,2296617.368
United States of America,Sierra Leone,1019897.441
United States of America,Sierra Leone,1384706.911
United States of America,Sierra Leone,95901.71371
United States of America,Sierra Leone,66815.7035
United States of America,Sierra Leone,694885.0697
United States of America,Sierra Leone,11309100.67
United States of America,Sudan,10290925.01
United States of America,Sudan,1828401.702
United States of America,Sudan,1790165.323
United States of America,Sudan,8019330.056
United States of America,Sudan,553616.3318
United States of America,Swaziland,660249.9094
United States of America,Tajikistan,2371667.491
United States of America,Uganda,6089558.277
United States of America,Uganda,4793656.75
United States of America,Uganda,1203037.02
United States of America,Uganda,223770.6653
United States of America,Zambia,550179.7115
United States of America,Zimbabwe,778302.5863
United States of America,Zimbabwe,344326.185
Belgium,Niger,1548.05548
Belgium,Niger,
Canada,Afghanistan,1952856.391
Canada,Algeria,384963.8863
Canada,Bangladesh,22927955.86
Canada,Chad,89949.71175
Canada,Côte d'Ivoire,1976739.614
Canada,Eritrea,1478206.47
Canada,Haiti,561287.5514
Canada,Kenya,1557370.492
Canada,Mali,718998.4288
Canada,Mozambique,1254385.421
Canada,Mozambique,1318383.517
Canada,Peru,5230712.362
Canada,Uganda,179779.5705
Canada,Zambia,778565.3931
China,"Korea, Democratic People's Republic of",24576768
China,"Korea, Democratic People's Republic of",5533046.881
China,"Korea, Democratic People's Republic of",6038788.238
China,"Korea, Democratic People's Republic of",11208589.44
Cuba,"Korea, Democratic People's Republic of",1610456.345
Denmark,Benin,0
Denmark,Benin,184811.4911
Denmark,Gambia,0
Denmark,Ghana,0
Denmark,Kenya,640679.8359
Denmark,Lesotho,0
Denmark,Madagascar,178695.0626
Denmark,Madagascar,0
Denmark,Madagascar,110886.8947
Denmark,Pakistan,0
Denmark,Rwanda,214434.0751
Denmark,Rwanda,197132.2572
Denmark,Sierra Leone,393129.1376
Denmark,Sudan,0
Denmark,Sudan,73924.59645
Denmark,Uganda,344981.4501
Denmark,Zambia,62028.68438
Egypt,Niger,29119.53115
Egypt,Niger,17653.03818
Egypt,Niger,4366293.646
Germany,Niger,224773.7702
Germany,Niger,6136.350676
Germany,Niger,0
India,Afghanistan,
Japan,"Congo, Democratic Republic of the",2019871.664
Japan,Haiti,3360105.419
Japan,Haiti,655210.8309
Netherlands,Uganda,0
Norway,Lao People's Democratic Republic,
Saudi Arabia,Burkina Faso,0
United States of America,Afghanistan,30420402.53
United States of America,Afghanistan,4795069.702
United States of America,Bolivia,180702.5995
United States of America,Bolivia,17861.93089
United States of America,Bolivia,180702.5995
United States of America,Bolivia,267263.4884
United States of America,Bolivia,82500.98869
United States of America,Bolivia,99232.9494
United States of America,Chad,5691458.581
United States of America,Colombia,6453320.817
United States of America,Colombia,479201.6831
United States of America,Colombia,1280370.285
United States of America,"Congo, Democratic Republic of the",340664.3234
United States of America,"Congo, Democratic Republic of the",390465.7819
United States of America,"Congo, Democratic Republic of the",1534437.01
United States of America,"Congo, Democratic Republic of the",463170.2305
United States of America,Ethiopia,134979503.7
United States of America,Ethiopia,6738172.684
United States of America,Ethiopia,159836.1895
United States of America,Ethiopia,1214755.04
United States of America,Georgia,11517.69228
United States of America,Georgia,17901.36642
United States of America,Ghana,570303.5245
United States of America,Ghana,903512.9976
United States of America,Ghana,740880.658
United States of America,Ghana,351639.6169
United States of America,Guatemala,823079.1366
United States of America,Guatemala,95908.10716
United States of America,Guatemala,661147.424
United States of America,Guatemala,191803.4274
United States of America,Guatemala,98651.20091
United States of America,Guatemala,4699183.972
United States of America,Guinea,1790165.323
United States of America,Honduras,1202244.395
United States of America,Honduras,391724.8976
United States of America,Honduras,735246.4718
United States of America,Honduras,176691.8702
United States of America,India,3657052.016
United States of America,Indonesia,18495314.46
United States of America,Indonesia,21704.57364
United States of America,Indonesia,1150820.565
United States of America,Iraq,7540910.291
United States of America,Kenya,904438.6033
United States of America,Kenya,3952349.142
United States of America,Kenya,1433601.094
United States of America,Kenya,2428694.365
United States of America,Madagascar,4299198.118
United States of America,Madagascar,162294.7548
United States of America,Malawi,840820.489
United States of America,Niger,1043916.985
United States of America,Niger,451703.062
United States of America,Niger,
United States of America,Niger,2589346.27
United States of America,Niger,374168.8837
United States of America,Niger,773515.8328
United States of America,Occupied Palestinian Territory,5608150.135
United States of America,Sierra Leone,95901.71371
United States of America,Sri Lanka,3526937.488
United States of America,Sri Lanka,623258.4549
United States of America,Sudan,36079782.08
United States of America,Sudan,1712397.41
United States of America,Sudan,1566394.657
United States of America,Sudan,1838772.8
United States of America,Tanzania,4217147.651
United States of America,Tanzania,334644.984
United States of America,Uganda,575394.2986
United States of America,Uganda,517746.6065
United States of America,Uganda,191803.4274
United States of America,Uganda,7766911.283
United States of America,Zimbabwe,976625.4239
United States of America,Zimbabwe,1118570.445
United States of America,Zimbabwe,256493.1224
Canada,Afghanistan,3766065.692
Canada,Algeria,396869.9859
Canada,Algeria,1084796.129
Canada,Bolivia,6840162.32
Canada,"Congo, Democratic Republic of the",1317904.105
Canada,Ethiopia,2956363.065
Canada,Ghana,179779.5705
Canada,Guinea,269669.3557
Canada,Haiti,1319876.182
Canada,Mozambique,329595.8792
Canada,Mozambique,278978.2969
Canada,Mozambique,209742.8322
Canada,Sierra Leone,291689.6259
Canada,Somalia,988787.6375
Canada,Sudan,659191.7584
Canada,Tanzania,179779.5705
Canada,Yemen,4452811.55
Canada,Zambia,748721.9844
China,"Korea, Democratic People's Republic of",4020441.969
China,"Korea, Democratic People's Republic of",15292.09319
China,"Korea, Democratic People's Republic of",2935991.392
China,"Korea, Democratic People's Republic of",10458920.66
China,Sri Lanka,
Cuba,"Korea, Democratic People's Republic of",2055084.825
Denmark,Bolivia,359766.3694
Denmark,Cape Verde,0
Denmark,Guinea,0
Denmark,Kenya,0
Denmark,Madagascar,285331.9481
Denmark,Mauritania,98566.1286
Denmark,Pakistan,0
Denmark,Zambia,0
Egypt,Niger,145597.6558
Egypt,Niger,113160.5012
Egypt,Niger,19648321.41
European Community,Chad,1065962.99
Finland,Chad,0
India,Afghanistan,
India,Chad,12650757.7
Italy,Chad,161320.125
Japan,Burundi,
Japan,Eritrea,3852226.465
Japan,Haiti,212841.1434
Japan,Mozambique,
Libyan Arab Jamahiriya,Niger,
Qatar,Afghanistan,0
South Africa,Mozambique,33903.16636
South Africa,Mozambique,58572.81828
South Africa,Mozambique,
Spain,Liberia,4010486.49
Switzerland,Ghana,0
Switzerland,Peru,0
United States of America,Afghanistan,1801333.863
United States of America,Afghanistan,3196711.003
United States of America,Angola,4539344.586
United States of America,Angola,4505563.973
United States of America,Bangladesh,53704959.68
United States of America,Bolivia,1894198.231
United States of America,Burkina Faso,5168094.346
United States of America,Burkina Faso,1790165.323
United States of America,Burkina Faso,1835209.287
United States of America,Burkina Faso,2227022.902
United States of America,Burundi,1241687.726
United States of America,Côte d'Ivoire,268697.5451
United States of America,Côte d'Ivoire,319656.3954
United States of America,"Congo, Democratic Republic of the",2148273.051
United States of America,"Congo, Democratic Republic of the",44768.55973
United States of America,"Congo, Democratic Republic of the",1022958.006
United States of America,"Congo, Democratic Republic of the",662405.8086
United States of America,El Salvador,1094372.973
United States of America,Eritrea,45110848.36
United States of America,Eritrea,5551302.665
United States of America,Ethiopia,244794999.3
United States of America,Ethiopia,100729.2594
United States of America,Ethiopia,927049.8992
United States of America,Ethiopia,3848594.232
United States of America,Ethiopia,353607.2379
United States of America,Ethiopia,1902500.996
United States of America,Ethiopia,223770.6653
United States of America,Gambia,292106.6833
United States of America,Gambia,361405.199
United States of America,Gambia,63934.47581
United States of America,Gambia,38129.59101
United States of America,Gambia,2173772.177
United States of America,Ghana,194737.7888
United States of America,Ghana,2710538.993
United States of America,Guatemala,816401.9602
United States of America,Guatemala,1564135.616
United States of America,Guatemala,255737.9032
United States of America,Guatemala,493256.0045
United States of America,Guatemala,4667216.734
United States of America,Guinea,671387.912
United States of America,Guinea,4792537.303
United States of America,Guinea,799216.1116
United States of America,Guinea,275537.3899
United States of America,Guinea,435176.7014
United States of America,Guinea,63934.47581
United States of America,Guinea,40885.83688
United States of America,Guinea,2077870.464
United States of America,Haiti,2421414.834
United States of America,Haiti,72281.03981
United States of America,Haiti,351639.6169
United States of America,Haiti,1104689.085
United States of America,Haiti,3530414.22
United States of America,Honduras,1685316.98
United States of America,Honduras,223748.2883
United States of America,Honduras,169689.6368
United States of America,Honduras,226182.0135
United States of America,Honduras,127868.9516
United States of America,Honduras,261765.7336
United States of America,India,127868.9516
United States of America,India,18061489.42
United States of America,Indonesia,2653280.746
United States of America,Iraq,39693.17976
United States of America,Kenya,854437.2248
United States of America,Kenya,154619.4132
United States of America,Kenya,415567.6993
United States of America,Kenya,1433269.587
United States of America,Kenya,885442.7376
United States of America,Kenya,990984.375
United States of America,Kenya,143971.1535
United States of America,Kenya,44200.90473
United States of America,Liberia,13382427.37
United States of America,Liberia,3004942.74
United States of America,Liberia,391986.4496
United States of America,Liberia,1368293.152
United States of America,Malawi,171374.1268
United States of America,Nicaragua,660973.4378
United States of America,Nicaragua,287733.9116
United States of America,Nicaragua,121790.3149
United States of America,Nicaragua,255737.9032
United States of America,Nicaragua,106905.3953
United States of America,Occupied Palestinian Territory,808351.6058
United States of America,Rwanda,123757.0873
United States of America,Rwanda,309903.5933
United States of America,Rwanda,2493444.556
United States of America,Senegal,289463.8133
United States of America,Senegal,668599.6182
United States of America,Senegal,255737.9032
United States of America,Senegal,338533.7519
United States of America,Sierra Leone,5039862.433
United States of America,Sierra Leone,319656.3954
United States of America,Sierra Leone,331026.1007
United States of America,Sudan,28231441.37
United States of America,Sudan,1115408.666
United States of America,Sudan,1726262.814
United States of America,Sudan,1422554.461
United States of America,Tajikistan,4199042.254
United States of America,Tajikistan,959039.5142
United States of America,Tajikistan,386536.9119
United States of America,Tanzania,668086.8129
United States of America,Uganda,264697.9526
United States of America,Uganda,6696497.894
United States of America,Uganda,4606293.071
United States of America,Uganda,10958672.85
United States of America,Uganda,335764.198
United States of America,Uganda,479508.5686
United States of America,Uganda,7904205.17
United States of America,Zimbabwe,1872145.842
United States of America,Zimbabwe,3952401.792
Belgium,Occupied Palestinian Territory,0
Canada,Afghanistan,1294601.31
Canada,Algeria,1928526.452
Canada,Burkina Faso,239706.0939
Canada,Chad,3193427.687
Canada,Côte d'Ivoire,461939.8684
Canada,"Congo, Democratic Republic of the",1016266.602
Canada,"Congo, Democratic Republic of the",1417392.807
Canada,Ethiopia,2035224.591
Canada,Ethiopia,3499212.45
Canada,Ghana,277166.1377
Canada,Guinea,508133.301
Canada,Haiti,850435.684
Canada,Kenya,1293382.864
Canada,Kenya,359559.1409
Canada,Malawi,1168567.208
Canada,Mali,369500.3562
Canada,Mozambique,179779.5705
Canada,Mozambique,149816.3087
Canada,Peru,461939.8684
Canada,Peru,539338.7114
Canada,Peru,149816.3087
Canada,Rwanda,719118.2818
Canada,Sierra Leone,323359.5704
Canada,Sudan,1014735.822
Canada,Tanzania,1478206.47
Canada,Uganda,2171102.418
China,"Korea, Democratic People's Republic of",9175.255913
China,"Korea, Democratic People's Republic of",2943620.175
China,"Korea, Democratic People's Republic of",12687102.87
China,Sri Lanka,
Cuba,"Korea, Democratic People's Republic of",1402596.209
"Congo, Democratic Republic of the",Niger,216366.0503
"Congo, Democratic Republic of the",Niger,107019.4762
Denmark,Burkina Faso,0
Denmark,Cameroon,0
Denmark,Central African Republic,0
Denmark,Djibouti,178695.0626
Denmark,Djibouti,0
Denmark,Djibouti,248114.7375
Denmark,Ethiopia,0
Denmark,Guinea,0
Denmark,Honduras,0
Denmark,Lesotho,98566.1286
Denmark,Madagascar,11913.00417
Denmark,Madagascar,0
Denmark,Mali,262086.0918
Denmark,Mauritania,0
Denmark,Mozambique,173680.3163
Denmark,Niger,0
Denmark,Niger,147849.1929
Denmark,Pakistan,0
Denmark,Sierra Leone,0
Denmark,Sierra Leone,347360.6325
Denmark,Tanzania,0
Denmark,Tanzania,235709.0006
Denmark,Uganda,0
European Community,Tajikistan,49465093.47
European Community,Tajikistan,20422.29045
Greece,Niger,46558.04402
India,Afghanistan,
Italy,Eritrea,692531.15
Italy,Niger,899391.1039
Japan,Burkina Faso,5640955.747
Japan,Lao People's Democratic Republic,8130756.905
Japan,Mongolia,10534615.94
Libyan Arab Jamahiriya,Niger,59732.76863
Libyan Arab Jamahiriya,Niger,42099.84139
Netherlands,Angola,0
Netherlands,Djibouti,0
Nigeria,Niger,3110288.124
Nigeria,Niger,1152694.944
Nigeria,Niger,2049610.76
Nigeria,Niger,4057433.492
Norway,Mozambique,
"Korea, Republic of","Korea, Democratic People's Republic of",340659072.3
Spain,Angola,4010486.49
Spain,Côte d'Ivoire,3408913.517
Spain,Haiti,2807340.543
Spain,Liberia,3609437.841
United States of America,Afghanistan,5139373.682
United States of America,Bolivia,403532.2323
United States of America,Bolivia,425864.6669
United States of America,Bolivia,1750469.227
United States of America,Burkina Faso,1258865.271
United States of America,Cape Verde,2091010.509
United States of America,Chad,2631170.336
United States of America,Congo,519435.6933
United States of America,Congo,329186.238
United States of America,"Korea, Democratic People's Republic of",4920024.727
United States of America,"Korea, Democratic People's Republic of",16475266.36
United States of America,"Congo, Democratic Republic of the",2002048.466
United States of America,"Congo, Democratic Republic of the",300452.9965
United States of America,"Congo, Democratic Republic of the",1342592.025
United States of America,"Congo, Democratic Republic of the",2676143.777
United States of America,Djibouti,1602909.832
United States of America,El Salvador,260718.2671
United States of America,El Salvador,63918.49219
United States of America,Ethiopia,82180197.67
United States of America,Ethiopia,38520741.82
United States of America,Ethiopia,1857895.229
United States of America,Ethiopia,1918034.274
United States of America,Ethiopia,2824331.376
United States of America,Ethiopia,5413301.804
United States of America,Ethiopia,33576.4198
United States of America,Ethiopia,959017.1371
United States of America,Ethiopia,178175.6589
United States of America,Gambia,1096112.835
United States of America,Georgia,1027954.123
United States of America,Guatemala,260979.2463
United States of America,Guatemala,383606.8548
United States of America,Guatemala,6425414.819
United States of America,Guinea,319659.5921
United States of America,Haiti,17817.56589
United States of America,Haiti,5158327.443
United States of America,India,4958270.637
United States of America,India,13170502.02
United States of America,Indonesia,178175.6589
United States of America,Kenya,814192.8186
United States of America,Kenya,4465999.597
United States of America,Kenya,2205749.006
United States of America,Kenya,4616176.737
United States of America,Mauritania,5567376.925
United States of America,Mauritania,644025.6874
United States of America,Mauritania,572827.2405
United States of America,Mauritania,348442.8931
United States of America,Mauritania,5807531.391
United States of America,Mozambique,9590171.371
United States of America,Nicaragua,214942.388
United States of America,Nicaragua,31064.79639
United States of America,Niger,2248860.157
United States of America,Niger,1625773.802
United States of America,Niger,372743.4784
United States of America,Niger,4210370.569
United States of America,Niger,2696785.545
United States of America,Occupied Palestinian Territory,2689014.463
United States of America,Rwanda,120502.7165
United States of America,Senegal,325264.6791
United States of America,Senegal,159836.1895
United States of America,Senegal,2488002.148
United States of America,Sierra Leone,1176216.338
United States of America,Sierra Leone,383574.8876
United States of America,Sudan,5205877.789
United States of America,Sudan,901079.186
United States of America,Sudan,1622302.16
United States of America,Sudan,3784538.301
United States of America,Sudan,1010929.942
United States of America,Tajikistan,73928.5473
United States of America,Tajikistan,516709.4108
United States of America,Tanzania,2354583.262
United States of America,Tanzania,959042.7109
United States of America,East Timor,351649.2071
United States of America,Uganda,359820.9479
United States of America,Uganda,1057293.479
United States of America,Uganda,4527139.494
United States of America,Uganda,692407.1727
United States of America,Uganda,6393447.581
United States of America,Zambia,788994.6418
Belgium,Occupied Palestinian Territory,0
Canada,Afghanistan,1394521.328
Canada,Bolivia,1355995.162
Canada,Côte d'Ivoire,1062462.806
Canada,"Congo, Democratic Republic of the",737044.2595
Canada,Ethiopia,2289672.609
Canada,Haiti,2910269.384
Canada,Haiti,528404.0383
Canada,Haiti,508133.301
Canada,Kenya,1278052.966
Canada,Lesotho,299632.6174
Canada,Mali,138832.4486
Canada,Mali,179779.5705
Canada,Mali,1524402.674
Canada,Mauritania,1443475.431
Canada,Rwanda,269669.3557
Canada,Sierra Leone,107867.7423
Canada,Somalia,2691805.054
Canada,Somalia,415746.4357
Canada,Somalia,838971.3288
Canada,Sudan,809008.0671
Canada,Swaziland,239706.0939
Canada,Zambia,739103.2352
China,"Korea, Democratic People's Republic of",17585.90717
China,"Korea, Democratic People's Republic of",2452108.624
China,"Korea, Democratic People's Republic of",15361702.41
Denmark,Bangladesh,547998.1918
Denmark,Burkina Faso,0
Denmark,Central African Republic,74207.83245
Denmark,Chad,0
Denmark,Honduras,0
Denmark,Lesotho,0
Denmark,Rwanda,262086.0918
Denmark,Sierra Leone,0
Denmark,Uganda,0
Finland,Senegal,0
France,Mauritania,699078.2698
India,Afghanistan,
Italy,Eritrea,2295246.097
Japan,Bhutan,
Japan,Congo,2270715.036
Japan,Djibouti,3474664.938
Japan,Egypt,
Japan,Guinea,7740701.707
Japan,Indonesia,7678252.949
Japan,Jordan,
Japan,Mauritania,7915765.851
Japan,Niger,6548013.242
Japan,Yemen,
Libyan Arab Jamahiriya,Niger,238928.5714
Libyan Arab Jamahiriya,Niger,
Malaysia,Kenya,0
Malaysia,Kenya,0
Malaysia,Sri Lanka,0
Saudi Arabia,Pakistan,0
Spain,Angola,4010486.49
Spain,Haiti,4611095.404
Spain,Sao Tome and Principe,1002621.623
Switzerland,Chad,0
Switzerland,Guatemala,0
Switzerland,Zambia,0
Switzerland,Zambia,0
United States of America,Angola,2598817.104
United States of America,Benin,231628.3566
United States of America,Bolivia,317545.4381
United States of America,Bolivia,631284.5314
United States of America,Bolivia,53452.69767
United States of America,Bolivia,38675.79164
United States of America,Burundi,1792294.722
United States of America,Burundi,609806.7319
United States of America,Central African Republic,109894.4994
United States of America,Chad,1150794.991
United States of America,Côte d'Ivoire,905862.4065
United States of America,Côte d'Ivoire,334365.1805
United States of America,"Korea, Democratic People's Republic of",3926486.004
United States of America,"Congo, Democratic Republic of the",1754979.785
United States of America,"Congo, Democratic Republic of the",127868.9516
United States of America,"Congo, Democratic Republic of the",384326.8667
United States of America,Djibouti,22384.27987
United States of America,El Salvador,39101.25646
United States of America,Eritrea,5349541.443
United States of America,Ethiopia,190228707.3
United States of America,Ethiopia,17949786.14
United States of America,Ethiopia,37049725.04
United States of America,Ethiopia,25922687.53
United States of America,Ethiopia,67152.8396
United States of America,Ghana,30989191.48
United States of America,Guatemala,424182.1034
United States of America,Guatemala,1790165.323
United States of America,Haiti,469826.7587
United States of America,Haiti,180702.5995
United States of America,Haiti,142540.5271
United States of America,Honduras,209768.6827
United States of America,Honduras,212650.6587
United States of America,India,2583086.404
United States of America,India,7863940.524
United States of America,Indonesia,434091.4727
United States of America,Indonesia,111921.3993
United States of America,Kenya,1171434.459
United States of America,Kenya,67152.8396
United States of America,Kenya,1390063.78
United States of America,Kenya,147976.8014
United States of America,Liberia,967672.4186
United States of America,Mauritania,575256.8395
United States of America,Mozambique,127365.6652
United States of America,Mozambique,4517030.62
United States of America,Mozambique,1098171.478
United States of America,Nicaragua,243580.6299
United States of America,Nicaragua,492454.157
United States of America,Nicaragua,1278689.516
United States of America,Nicaragua,31967.2379
United States of America,Nicaragua,267263.4884
United States of America,Occupied Palestinian Territory,657120.5909
United States of America,Rwanda,984004.9454
United States of America,Rwanda,288255.4232
United States of America,Rwanda,324572.058
United States of America,Rwanda,597431.574
United States of America,Rwanda,223842.7987
United States of America,Rwanda,591907.2055
United States of America,Senegal,299335.107
United States of America,Sierra Leone,671528.396
United States of America,Sierra Leone,2683114.807
United States of America,Somalia,246227.0785
United States of America,Somalia,1639216.062
United States of America,Sudan,18384314.62
United States of America,Sudan,76492308.09
United States of America,Sudan,1439225.254
United States of America,Sudan,17334436.15
United States of America,Sudan,1225403.094
United States of America,Sudan,3931617.435
United States of America,Tajikistan,2534806.46
United States of America,Tajikistan,2413345.329
United States of America,Tajikistan,764016.9859
United States of America,Tajikistan,159836.1895
United States of America,Tanzania,637756.1137
United States of America,Uganda,2027809.769
United States of America,Uganda,2238427.987
United States of America,Uganda,735246.4718
United States of America,Zimbabwe,752091.6643
Algeria,Mali,8519292.929
Algeria,Mozambique,9630505.051
Algeria,Mozambique,1481616.162
Algeria,Niger,5356042.424
Algeria,Niger,3163250.505
Australia,Bangladesh,116833067.9
Canada,Burkina Faso,138832.4486
Canada,Burundi,1168387.428
Canada,"Congo, Democratic Republic of the",22678.28491
Canada,Ethiopia,2270675.901
Canada,Haiti,1631009.724
Canada,Haiti,765392.1156
Canada,Lesotho,230969.9342
Canada,Liberia,1154846.9
Canada,Liberia,1197451.792
Canada,Malawi,692859.9266
Canada,Mozambique,749021.6171
Canada,Sudan,1952856.391
Canada,Sudan,59926.52349
Canada,Swaziland,230969.9342
Canada,Uganda,1643125.347
China,"Korea, Democratic People's Republic of",866713.1783
China,"Korea, Democratic People's Republic of",8410.651253
China,"Korea, Democratic People's Republic of",904555.6257
China,"Korea, Democratic People's Republic of",160580093.5
Denmark,Bhutan,119130.0417
Denmark,Madagascar,47652.01668
Denmark,Mozambique,234094.5554
Denmark,Rwanda,0
Denmark,Sierra Leone,135528.4268
Denmark,Tanzania,234094.5554
Egypt,Ethiopia,0
European Community,"Congo, Democratic Republic of the",48476.50606
European Community,"Congo, Democratic Republic of the",131792.534
European Community,"Congo, Democratic Republic of the",539673.714
European Community,Eritrea,158151.0408
European Community,Eritrea,359782.476
European Community,Haiti,60624.56563
Finland,Egypt,0
Finland,Lesotho,0
Finland,Yemen,0
India,Afghanistan,
Italy,Armenia,2491326.225
Italy,Armenia,0
Italy,Georgia,614180.7855
Italy,Georgia,0
Italy,Georgia,800130.2238
Italy,Mauritania,178079.4386
Japan,Benin,4580333.215
Japan,Cambodia,7082419.575
Japan,Cambodia,627569.124
Japan,Côte d'Ivoire,2354663.924
Japan,Haiti,
Japan,Indonesia,4139089.671
Japan,Kenya,3238174.778
Japan,Lao People's Democratic Republic,
Japan,Madagascar,5594886.236
Japan,Mali,941865.5694
Japan,Mozambique,3224865.808
Japan,Nepal,8479861.426
Japan,Rwanda,
Japan,Senegal,5786330.651
Japan,Syrian Arab Republic,
Japan,Tanzania,7885052.843
Luxembourg,"Korea, Democratic People's Republic of",1483963.472
Malaysia,Somalia,0
Saudi Arabia,Mauritania,350459.0021
Spain,Algeria,1273035.521
Spain,Mali,339476.1389
Spain,Mali,5834.446794
Spain,Mali,11254.66687
Switzerland,Algeria,0
Switzerland,Cuba,0
Switzerland,Senegal,0
United States of America,Afghanistan,73524647.18
United States of America,Afghanistan,21258213.21
United States of America,Afghanistan,1598361.895
United States of America,Afghanistan,16527107.57
United States of America,Bangladesh,4349654.105
United States of America,Bangladesh,1969186.598
United States of America,Bangladesh,543443.0444
United States of America,Bolivia,25497436.03
United States of America,Bolivia,706082.8439
United States of America,Bolivia,180702.5995
United States of America,Bolivia,4707218.96
United States of America,Bolivia,2969347.545
United States of America,Bolivia,221447.6807
United States of America,Bolivia,1554042.356
United States of America,Bolivia,1726230.847
United States of America,Bolivia,142540.5271
United States of America,Bolivia,408858.3688
United States of America,Bolivia,3632819.045
United States of America,Burkina Faso,4662829.201
United States of America,Burundi,59836.97478
United States of America,Cambodia,1618071.327
United States of America,Cambodia,
United States of America,Cambodia,64580.27859
United States of America,Cambodia,1630329.133
United States of America,Cambodia,171881.9187
United States of America,Cameroon,19138478.06
United States of America,Central African Republic,217129.9831
United States of America,Chad,2818937.687
United States of America,Ecuador,33342800.96
United States of America,El Salvador,29420118.5
United States of America,Eritrea,15965317.64
United States of America,Eritrea,3935156.4
United States of America,Eritrea,1278689.516
United States of America,Eritrea,1250793.126
United States of America,Eritrea,5354461.567
United States of America,Eritrea,10787376.78
United States of America,Ethiopia,30832284.19
United States of America,Ethiopia,1516982.646
United States of America,Ethiopia,6428132.334
United States of America,Ethiopia,6043423.951
United States of America,Ethiopia,2717215.222
United States of America,Ghana,12552583.89
United States of America,Guatemala,1959932.248
United States of America,Guatemala,11238433.15
United States of America,Guatemala,13610559.18
United States of America,Guatemala,67152.8396
United States of America,Guatemala,4737544.657
United States of America,Guatemala,29165483.95
United States of America,Guinea,331064.7765
United States of America,Guinea,417566.7941
United States of America,Guinea,383606.8548
United States of America,Guinea,394604.8036
United States of America,Guinea,8295874.57
United States of America,Guinea,1278689.516
United States of America,Guinea-Bissau,1726230.847
United States of America,Haiti,76590375.16
United States of America,Honduras,14266865.47
United States of America,Honduras,26085838.4
United States of America,Honduras,523531.4672
United States of America,Honduras,12395330.68
United States of America,Honduras,113904.2534
United States of America,Honduras,4332255.489
United States of America,Honduras,1964812.398
United States of America,Honduras,5949758.726
United States of America,Honduras,1320672.512
United States of America,Honduras,2781149.698
United States of America,Honduras,1243387.235
United States of America,Honduras,48700102.82
United States of America,India,3491187.395
United States of America,India,8311481.855
United States of America,Indonesia,1128637.829
United States of America,Indonesia,1726230.847
United States of America,Indonesia,338533.7519
United States of America,Iraq,17013198.97
United States of America,Jamaica,688337.3777
United States of America,Jamaica,6959446.568
United States of America,Jamaica,1488494.241
United States of America,Jamaica,839410.495
United States of America,Jamaica,3533903.571
United States of America,Jamaica,55260.03293
United States of America,Jamaica,2397542.843
United States of America,Jamaica,1308828.668
United States of America,Jamaica,330542.1514
United States of America,Kenya,31967.2379
United States of America,Kenya,29871226.98
United States of America,Kyrgyzstan,347972.3284
United States of America,Kyrgyzstan,992329.494
United States of America,Kyrgyzstan,959017.1371
United States of America,Lebanon,3922682.466
United States of America,Lebanon,19613412.33
United States of America,Lesotho,564628.8275
United States of America,Liberia,81143.01451
United States of America,Madagascar,9944000.052
United States of America,Madagascar,22377066.53
United States of America,Mali,1098677.536
United States of America,Mauritania,2937598.832
United States of America,Mauritania,6959446.568
United States of America,Mauritania,23536094.8
United States of America,Mongolia,39226824.66
United States of America,Mozambique,3297432.353
United States of America,Mozambique,9806706.166
United States of America,Mozambique,9596564.819
United States of America,Mozambique,22006248.64
United States of America,Nicaragua,444635.7392
United States of America,Nicaragua,13745912.3
United States of America,Nicaragua,205001.0303
United States of America,Nicaragua,201458.5188
United States of America,Nicaragua,1060171.071
United States of America,Nicaragua,2196702.181
United States of America,Nicaragua,28145246.7
United States of America,Nigeria,17499290.37
United States of America,Pakistan,7647320.93
United States of America,Peru,72569625.63
United States of America,Philippines,104391698.5
United States of America,Philippines,18240473.47
United States of America,Moldova,10558385.82
United States of America,Moldova,69075.04117
United States of America,Moldova,1150820.565
United States of America,Moldova,1479768.014
United States of America,Moldova,1984658.988
United States of America,Rwanda,224872.1028
United States of America,Senegal,89087.82945
United States of America,Sierra Leone,223842.7987
United States of America,Sierra Leone,725696.2563
United States of America,Sierra Leone,351639.6169
United States of America,Sierra Leone,641432.3721
United States of America,Somalia,1007292.594
United States of America,Somalia,1214755.04
United States of America,Somalia,3918082.739
United States of America,Sudan,20281467.48
United States of America,Sudan,101989744.1
United States of America,Sudan,2454464.268
United States of America,Sudan,11731781.31
United States of America,Sudan,3189344.294
United States of America,Sudan,1682673.192
United States of America,Tajikistan,2215276.362
United States of America,Tajikistan,456471.5672
United States of America,Tajikistan,7317437.689
United States of America,Tajikistan,3004920.363
United States of America,Tanzania,1092828.523
United States of America,Tanzania,9226.938863
United States of America,Uganda,5104244.6
United States of America,Uganda,902058.4982
United States of America,Uganda,209864.9168
United States of America,Uganda,2238427.987
United States of America,Uganda,1278689.516
United States of America,Uganda,21967021.81
United States of America,Zambia,7340174.757
United States of America,Zambia,3902186.45
United States of America,Zambia,
United States of America,Zambia,551682.5422
United States of America,Zimbabwe,19197380.13
United States of America,Zimbabwe,14005349.34
United States of America,Zimbabwe,2701231.603
United States of America,Zimbabwe,559023.4718