Year,State,StateCode,CountyCode,CountyName,TO-WTotl
1995,AL,01,001,Autauga,40.26
1995,AL,01,003,Baldwin,42.14
1995,AL,01,005,Barbour,15.03
1995,AL,01,007,Bibb,3.32
1995,AL,01,009,Blount,51.29
1995,AL,01,011,Bullock,4.84
1995,AL,01,013,Butler,3.73
1995,AL,01,015,Calhoun,26.30
1995,AL,01,017,Chambers,12.56
1995,AL,01,019,Cherokee,6.43
1995,AL,01,021,Chilton,5.64
1995,AL,01,023,Choctaw,52.03
1995,AL,01,025,Clarke,25.98
1995,AL,01,027,Clay,2.65
1995,AL,01,029,Cleburne,2.58
1995,AL,01,031,Coffee,16.25
1995,AL,01,033,Colbert,91.06
1995,AL,01,035,Conecuh,2.21
1995,AL,01,037,Coosa,0.93
1995,AL,01,039,Covington,12.37
1995,AL,01,041,Crenshaw,2.51
1995,AL,01,043,Cullman,20.29
1995,AL,01,045,Dale,13.75
1995,AL,01,047,Dallas,57.16
1995,AL,01,049,De Kalb,9.84
1995,AL,01,051,Elmore,6.29
1995,AL,01,053,Escambia,49.23
1995,AL,01,055,Etowah,264.51
1995,AL,01,057,Fayette,3.06
1995,AL,01,059,Franklin,5.28
1995,AL,01,061,Geneva,3.90
1995,AL,01,063,Greene,320.39
1995,AL,01,065,Hale,39.17
1995,AL,01,067,Henry,9.48
1995,AL,01,069,Houston,120.04
1995,AL,01,071,Jackson,1301.59
1995,AL,01,073,Jefferson,92.12
1995,AL,01,075,Lamar,4.33
1995,AL,01,077,Lauderdale,16.13
1995,AL,01,079,Lawrence,62.14
1995,AL,01,081,Lee,18.89
1995,AL,01,083,Limestone,792.26
1995,AL,01,085,Lowndes,8.53
1995,AL,01,087,Macon,6.79
1995,AL,01,089,Madison,54.01
1995,AL,01,091,Marengo,31.91
1995,AL,01,093,Marion,6.60
1995,AL,01,095,Marshall,22.38
1995,AL,01,097,Mobile,1105.64
1995,AL,01,099,Monroe,63.86
1995,AL,01,101,Montgomery,59.98
1995,AL,01,103,Morgan,140.11
1995,AL,01,105,Perry,8.29
1995,AL,01,107,Pickens,6.19
1995,AL,01,109,Pike,11.83
1995,AL,01,111,Randolph,2.20
1995,AL,01,113,Russell,34.13
1995,AL,01,115,St Clair,8.67
1995,AL,01,117,Shelby,720.03
1995,AL,01,119,Sumter,9.58
1995,AL,01,121,Talladega,77.21
1995,AL,01,123,Tallapoosa,13.07
1995,AL,01,125,Tuscaloosa,37.24
1995,AL,01,127,Walker,906.72
1995,AL,01,129,Washington,86.46
1995,AL,01,131,Wilcox,43.01
1995,AL,01,133,Winston,2.65
1995,AK,02,013,Aleutians E. Borough,3.40
1995,AK,02,016,Aleutians W. Census Area,3.26
1995,AK,02,020,Anchorage Borough,45.21
1995,AK,02,050,Bethel Census Area,0.37
1995,AK,02,060,Bristol Bay Borough,0.08
1995,AK,02,068,Denali Borough,16.69
1995,AK,02,070,Dillingham Census Area,0.30
1995,AK,02,090,Fairbanks N. Star Borough,32.02
1995,AK,02,100,Haines Borough,0.51
1995,AK,02,110,Juneau Borough,4.65
1995,AK,02,122,Kenai Peninsula Borough,9.01
1995,AK,02,130,Ketchikan Gateway Borough,54.11
1995,AK,02,150,Kodiak Is Borough,5.26
1995,AK,02,164,Lake and Peninsula Boroug,0.09
1995,AK,02,170,Matanuska-Susitna Borough,5.66
1995,AK,02,180,Nome Census Area,1.25
1995,AK,02,185,N. Slope Borough,116.04
1995,AK,02,188,NW Arctic Borough,6.37
1995,AK,02,201,Pr. of Wales-Outer Ketchi,1.48
1995,AK,02,220,Sitka Borough,5.12
1995,AK,02,232,Skagway-Hoonah-Angoon Cen,0.39
1995,AK,02,240,SE Fairbanks Census Area,2.66
1995,AK,02,261,Valdez-Cordova Census Are,4.52
1995,AK,02,270,Wade Hampton Census Area,0.21
1995,AK,02,280,Wrangell-Petersburg Censu,1.95
1995,AK,02,282,Yakutat Borough,0.26
1995,AK,02,290,Yukon Koyukuk Census Area,7.65
1995,AZ,04,001,Apache,39.03
1995,AZ,04,003,Cochise,233.96
1995,AZ,04,005,Coconino,47.32
1995,AZ,04,007,Gila,42.88
1995,AZ,04,009,Graham,176.36
1995,AZ,04,011,Greenlee,43.65
1995,AZ,04,012,La Paz,628.59
1995,AZ,04,013,Maricopa,2392.04
1995,AZ,04,015,Mohave,140.32
1995,AZ,04,017,Navajo,63.65
1995,AZ,04,019,Pima,263.76
1995,AZ,04,021,Pinal,1262.17
1995,AZ,04,023,Santa Cruz,15.37
1995,AZ,04,025,Yavapai,82.39
1995,AZ,04,027,Yuma,1398.58
1995,AR,05,001,Arkansas,820.61
1995,AR,05,003,Ashley,134.75
1995,AR,05,005,Baxter,5.53
1995,AR,05,007,Benton,336.29
1995,AR,05,009,Boone,4.60
1995,AR,05,011,Bradley,1.46
1995,AR,05,013,Calhoun,1.09
1995,AR,05,015,Carroll,7.28
1995,AR,05,017,Chicot,233.45
1995,AR,05,019,Clark,5.16
1995,AR,05,021,Clay,176.10
1995,AR,05,023,Cleburne,6.74
1995,AR,05,025,Cleveland,1.30
1995,AR,05,027,Columbia,6.27
1995,AR,05,029,Conway,28.54
1995,AR,05,031,Craighead,349.64
1995,AR,05,033,Crawford,15.89
1995,AR,05,035,Crittenden,112.40
1995,AR,05,037,Cross,299.15
1995,AR,05,039,Dallas,1.18
1995,AR,05,041,Desha,330.34
1995,AR,05,043,Drew,71.00
1995,AR,05,045,Faulkner,11.90
1995,AR,05,047,Franklin,12.56
1995,AR,05,049,Fulton,73.75
1995,AR,05,051,Garland,266.28
1995,AR,05,053,Grant,2.26
1995,AR,05,055,Greene,153.73
1995,AR,05,057,Hempstead,9.44
1995,AR,05,059,Hot_Spring,8.10
1995,AR,05,061,Howard,5.85
1995,AR,05,063,Independence,36.57
1995,AR,05,065,Izard,2.93
1995,AR,05,067,Jackson,298.28
1995,AR,05,069,Jefferson,454.52
1995,AR,05,071,Johnson,4.23
1995,AR,05,073,Lafayette,32.72
1995,AR,05,075,Lawrence,281.39
1995,AR,05,077,Lee,167.08
1995,AR,05,079,Lincoln,151.37
1995,AR,05,081,Little_River,5.04
1995,AR,05,083,Logan,4.92
1995,AR,05,085,Lonoke,372.94
1995,AR,05,087,Madison,3.65
1995,AR,05,089,Marion,1.74
1995,AR,05,091,Miller,100.37
1995,AR,05,093,Mississippi,152.77
1995,AR,05,095,Monroe,194.01
1995,AR,05,097,Montgomery,1.66
1995,AR,05,099,Nevada,1.68
1995,AR,05,101,Newton,1.03
1995,AR,05,103,Ouachita,36.40
1995,AR,05,105,Perry,4.38
1995,AR,05,107,Phillips,313.73
1995,AR,05,109,Pike,1.87
1995,AR,05,111,Poinsett,500.54
1995,AR,05,113,Polk,4.86
1995,AR,05,115,Pope,980.30
1995,AR,05,117,Prairie,297.06
1995,AR,05,119,Pulaski,86.26
1995,AR,05,121,Randolph,80.43
1995,AR,05,123,St_Francis,201.00
1995,AR,05,125,Saline,9.69
1995,AR,05,127,Scott,2.74
1995,AR,05,129,Searcy,1.76
1995,AR,05,131,Sebastian,32.37
1995,AR,05,133,Sevier,4.37
1995,AR,05,135,Sharp,2.02
1995,AR,05,137,Stone,1.80
1995,AR,05,139,Union,15.88
1995,AR,05,141,Van_Buren,2.52
1995,AR,05,143,Washington,27.37
1995,AR,05,145,White,114.02
1995,AR,05,147,Woodruff,274.65
1995,AR,05,149,Yell,9.70
1995,CA,06,001,Alameda,237.03
1995,CA,06,003,Alpine,23.68
1995,CA,06,005,Amador,26.77
1995,CA,06,007,Butte,957.73
1995,CA,06,009,Calaveras,14.72
1995,CA,06,011,Colusa,1049.13
1995,CA,06,013,Contra Costa,885.04
1995,CA,06,015,Del Norte,19.72
1995,CA,06,017,El Dorado,73.79
1995,CA,06,019,Fresno,3553.88
1995,CA,06,021,Glenn,848.36
1995,CA,06,023,Humboldt,199.52
1995,CA,06,025,Imperial,2608.60
1995,CA,06,027,Inyo,149.42
1995,CA,06,029,Kern,2514.78
1995,CA,06,031,Kings,1413.44
1995,CA,06,033,Lake,63.57
1995,CA,06,035,Lassen,300.85
1995,CA,06,037,Los Angeles,4146.57
1995,CA,06,039,Madera,980.96
1995,CA,06,041,Marin,40.97
1995,CA,06,043,Mariposa,8.32
1995,CA,06,045,Mendocino,52.56
1995,CA,06,047,Merced,1688.43
1995,CA,06,049,Modoc,429.00
1995,CA,06,051,Mono,221.43
1995,CA,06,053,Monterey,1295.09
1995,CA,06,055,Napa,67.30
1995,CA,06,057,Nevada,40.75
1995,CA,06,059,Orange,668.59
1995,CA,06,061,Placer,200.23
1995,CA,06,063,Plumas,130.11
1995,CA,06,065,Riverside,1432.39
1995,CA,06,067,Sacramento,876.08
1995,CA,06,069,San Benito,87.50
1995,CA,06,071,San Bernardino,618.00
1995,CA,06,073,San Diego,3168.58
1995,CA,06,075,San Francisco,562.92
1995,CA,06,077,San Joaquin,1816.79
1995,CA,06,079,San Luis Obispo,2703.35
1995,CA,06,081,San Mateo,111.47
1995,CA,06,083,Santa Barbara,325.73
1995,CA,06,085,Santa Clara,350.29
1995,CA,06,087,Santa Cruz,72.24
1995,CA,06,089,Shasta,310.82
1995,CA,06,091,Sierra,40.62
1995,CA,06,093,Siskiyou,474.59
1995,CA,06,095,Solano,526.52
1995,CA,06,097,Sonoma,141.16
1995,CA,06,099,Stanislaus,1437.92
1995,CA,06,101,Sutter,1053.87
1995,CA,06,103,Tehama,399.83
1995,CA,06,105,Trinity,25.54
1995,CA,06,107,Tulare,2208.74
1995,CA,06,109,Tuolumne,37.92
1995,CA,06,111,Ventura,798.67
1995,CA,06,113,Yolo,1090.05
1995,CA,06,115,Yuba,354.73
1995,CO,08,001,Adams,132.34
1995,CO,08,003,Alamosa,413.76
1995,CO,08,005,Arapahoe,86.52
1995,CO,08,007,Archuleta,48.23
1995,CO,08,009,Baca,105.75
1995,CO,08,011,Bent,426.04
1995,CO,08,013,Boulder,173.56
1995,CO,08,015,Chaffee,56.69
1995,CO,08,017,Cheyenne,26.42
1995,CO,08,019,Clear Creek,7.36
1995,CO,08,021,Conejos,731.55
1995,CO,08,023,Costilla,196.77
1995,CO,08,025,Crowley,64.78
1995,CO,08,027,Custer,41.62
1995,CO,08,029,Delta,704.31
1995,CO,08,031,Denver,122.54
1995,CO,08,033,Dolores,28.46
1995,CO,08,035,Douglas,28.71
1995,CO,08,037,Eagle,137.60
1995,CO,08,039,Elbert,33.80
1995,CO,08,041,El Paso,134.70
1995,CO,08,043,Fremont,158.86
1995,CO,08,045,Garfield,562.60
1995,CO,08,047,Gilpin,0.52
1995,CO,08,049,Grand,204.23
1995,CO,08,051,Gunnison,286.35
1995,CO,08,053,Hinsdale,13.19
1995,CO,08,055,Huerfano,91.30
1995,CO,08,057,Jackson,401.09
1995,CO,08,059,Jefferson,96.68
1995,CO,08,061,Kiowa,14.78
1995,CO,08,063,Kit Carson,166.44
1995,CO,08,065,Lake,26.21
1995,CO,08,067,La Plata,378.44
1995,CO,08,069,Larimer,270.51
1995,CO,08,071,Las Animas,120.87
1995,CO,08,073,Lincoln,17.63
1995,CO,08,075,Logan,335.61
1995,CO,08,077,Mesa,972.94
1995,CO,08,079,Mineral,2.06
1995,CO,08,081,Moffat,207.44
1995,CO,08,083,Montezuma,313.98
1995,CO,08,085,Montrose,644.15
1995,CO,08,087,Morgan,335.85
1995,CO,08,089,Otero,424.63
1995,CO,08,091,Ouray,58.01
1995,CO,08,093,Park,8.65
1995,CO,08,095,Phillips,86.21
1995,CO,08,097,Pitkin,46.63
1995,CO,08,099,Prowers,695.25
1995,CO,08,101,Pueblo,246.09
1995,CO,08,103,Rio Blanco,134.56
1995,CO,08,105,Rio Grande,405.39
1995,CO,08,107,Routt,307.01
1995,CO,08,109,Saguache,425.71
1995,CO,08,111,San Juan,0.29
1995,CO,08,113,San Miguel,63.04
1995,CO,08,115,Sedgwick,94.63
1995,CO,08,117,Summit,29.16
1995,CO,08,119,Teller,9.23
1995,CO,08,121,Washington,47.66
1995,CO,08,123,Weld,1162.37
1995,CO,08,125,Yuma,272.73
1995,CT,09,001,Fairfield,330.00
1995,CT,09,003,Hartford,93.71
1995,CT,09,005,Litchfield,93.03
1995,CT,09,007,Middlesex,626.24
1995,CT,09,009,New Haven,763.96
1995,CT,09,011,New London,2514.56
1995,CT,09,013,Tolland,17.00
1995,CT,09,015,Windham,14.96
1995,DE,10,001,Kent,33.91
1995,DE,10,003,New Castle,1079.94
1995,DE,10,005,Sussex,381.64
1995,DC,11,001,Washington,10.19
1995,FL,12,001,Alachua,48.31
1995,FL,12,003,Baker,5.37
1995,FL,12,005,Bay,318.51
1995,FL,12,007,Bradford,7.51
1995,FL,12,009,Brevard,1332.84
1995,FL,12,011,Broward,1515.60
1995,FL,12,013,Calhoun,4.19
1995,FL,12,015,Charlotte,49.88
1995,FL,12,017,Citrus,1685.32
1995,FL,12,019,Clay,21.52
1995,FL,12,021,Collier,208.20
1995,FL,12,023,Columbia,16.74
1995,FL,12,025,Dade,651.75
1995,FL,12,027,De Soto,70.94
1995,FL,12,029,Dixie,3.41
1995,FL,12,031,Duval,720.18
1995,FL,12,033,Escambia,269.55
1995,FL,12,035,Flagler,14.15
1995,FL,12,037,Franklin,2.89
1995,FL,12,039,Gadsden,16.38
1995,FL,12,041,Gilchrist,9.36
1995,FL,12,043,Glades,99.59
1995,FL,12,045,Gulf,36.85
1995,FL,12,047,Hamilton,46.18
1995,FL,12,049,Hardee,51.00
1995,FL,12,051,Hendry,557.01
1995,FL,12,053,Hernando,41.62
1995,FL,12,055,Highlands,119.47
1995,FL,12,057,Hillsborough,2628.16
1995,FL,12,059,Holmes,7.24
1995,FL,12,061,Indian River,266.46
1995,FL,12,063,Jackson,81.05
1995,FL,12,065,Jefferson,11.61
1995,FL,12,067,Lafayette,7.45
1995,FL,12,069,Lake,83.11
1995,FL,12,071,Lee,499.26
1995,FL,12,073,Leon,39.30
1995,FL,12,075,Levy,23.42
1995,FL,12,077,Liberty,1.63
1995,FL,12,079,Madison,9.33
1995,FL,12,081,Manatee,122.73
1995,FL,12,083,Marion,52.07
1995,FL,12,085,Martin,170.03
1995,FL,12,087,Monroe,2.10
1995,FL,12,089,Nassau,46.90
1995,FL,12,091,Okaloosa,29.94
1995,FL,12,093,Okeechobee,41.22
1995,FL,12,095,Orange,259.56
1995,FL,12,097,Osceola,81.48
1995,FL,12,099,Palm Beach,1432.60
1995,FL,12,101,Pasco,1169.25
1995,FL,12,103,Pinellas,529.91
1995,FL,12,105,Polk,391.85
1995,FL,12,107,Putnam,88.43
1995,FL,12,109,St Johns,46.37
1995,FL,12,111,St Lucie,1485.34
1995,FL,12,113,Santa Rosa,23.25
1995,FL,12,115,Sarasota,47.86
1995,FL,12,117,Seminole,69.78
1995,FL,12,119,Sumter,66.14
1995,FL,12,121,Suwannee,142.48
1995,FL,12,123,Taylor,53.08
1995,FL,12,125,Union,2.70
1995,FL,12,127,Volusia,156.60
1995,FL,12,129,Wakulla,72.52
1995,FL,12,131,Walton,11.77
1995,FL,12,133,Washington,4.59
1995,GA,13,001,Appling,62.89
1995,GA,13,003,Atkinson,3.02
1995,GA,13,005,Bacon,2.99
1995,GA,13,007,Baker,24.07
1995,GA,13,009,Baldwin,7.16
1995,GA,13,011,Banks,2.28
1995,GA,13,013,Barrow,5.68
1995,GA,13,015,Bartow,57.97
1995,GA,13,017,Ben Hill,17.30
1995,GA,13,019,Berrien,12.90
1995,GA,13,021,Bibb,106.97
1995,GA,13,023,Bleckley,9.10
1995,GA,13,025,Brantley,2.48
1995,GA,13,027,Brooks,6.34
1995,GA,13,029,Bryan,1.98
1995,GA,13,031,Bulloch,17.24
1995,GA,13,033,Burke,75.48
1995,GA,13,035,Butts,5.60
1995,GA,13,037,Calhoun,18.82
1995,GA,13,039,Camden,47.94
1995,GA,13,043,Candler,3.16
1995,GA,13,045,Carroll,13.69
1995,GA,13,047,Catoosa,10.68
1995,GA,13,049,Charlton,1.76
1995,GA,13,051,Chatham,605.65
1995,GA,13,053,Chattahoochee,13.80
1995,GA,13,055,Chattooga,4.86
1995,GA,13,057,Cherokee,13.89
1995,GA,13,059,Clarke,18.10
1995,GA,13,061,Clay,5.56
1995,GA,13,063,Clayton,25.61
1995,GA,13,065,Clinch,1.29
1995,GA,13,067,Cobb,440.10
1995,GA,13,069,Coffee,13.17
1995,GA,13,071,Colquitt,39.79
1995,GA,13,073,Columbia,11.88
1995,GA,13,075,Cook,11.92
1995,GA,13,077,Coweta,352.54
1995,GA,13,079,Crawford,5.88
1995,GA,13,081,Crisp,19.02
1995,GA,13,083,Dade,1.74
1995,GA,13,085,Dawson,1.48
1995,GA,13,087,Decatur,64.79
1995,GA,13,089,De Kalb,85.79
1995,GA,13,091,Dodge,7.47
1995,GA,13,093,Dooly,12.75
1995,GA,13,095,Dougherty,134.05
1995,GA,13,097,Douglas,7.56
1995,GA,13,099,Early,142.00
1995,GA,13,101,Echols,2.85
1995,GA,13,103,Effingham,145.50
1995,GA,13,105,Elbert,2.80
1995,GA,13,107,Emanuel,5.62
1995,GA,13,109,Evans,3.28
1995,GA,13,111,Fannin,1.94
1995,GA,13,113,Fayette,13.91
1995,GA,13,115,Floyd,452.26
1995,GA,13,117,Forsyth,13.74
1995,GA,13,119,Franklin,3.81
1995,GA,13,121,Fulton,225.96
1995,GA,13,123,Gilmer,3.25
1995,GA,13,125,Glascock,0.39
1995,GA,13,127,Glynn,124.19
1995,GA,13,129,Gordon,18.09
1995,GA,13,131,Grady,12.08
1995,GA,13,133,Greene,5.11
1995,GA,13,135,Gwinnett,71.81
1995,GA,13,137,Habersham,10.12
1995,GA,13,139,Hall,19.80
1995,GA,13,141,Hancock,1.09
1995,GA,13,143,Haralson,2.14
1995,GA,13,145,Harris,10.31
1995,GA,13,147,Hart,4.19
1995,GA,13,149,Heard,1.10
1995,GA,13,151,Henry,7.13
1995,GA,13,153,Houston,29.14
1995,GA,13,155,Irwin,9.81
1995,GA,13,157,Jackson,6.37
1995,GA,13,159,Jasper,1.74
1995,GA,13,161,Jeff Davis,5.04
1995,GA,13,163,Jefferson,15.46
1995,GA,13,165,Jenkins,5.49
1995,GA,13,167,Johnson,3.11
1995,GA,13,169,Jones,2.40
1995,GA,13,171,Lamar,4.66
1995,GA,13,173,Lanier,3.32
1995,GA,13,175,Laurens,32.88
1995,GA,13,177,Lee,26.20
1995,GA,13,179,Liberty,17.47
1995,GA,13,181,Lincoln,1.16
1995,GA,13,183,Long,0.80
1995,GA,13,185,Lowndes,28.09
1995,GA,13,187,Lumpkin,3.11
1995,GA,13,189,McDuffie,3.74
1995,GA,13,191,McIntosh,1.42
1995,GA,13,193,Macon,23.61
1995,GA,13,195,Madison,3.09
1995,GA,13,197,Marion,3.22
1995,GA,13,199,Meriwether,5.67
1995,GA,13,201,Miller,28.79
1995,GA,13,205,Mitchell,32.47
1995,GA,13,207,Monroe,34.79
1995,GA,13,209,Montgomery,4.43
1995,GA,13,211,Morgan,2.91
1995,GA,13,213,Murray,4.12
1995,GA,13,215,Muscogee,39.47
1995,GA,13,217,Newton,4.14
1995,GA,13,219,Oconee,3.06
1995,GA,13,221,Oglethorpe,1.67
1995,GA,13,223,Paulding,3.51
1995,GA,13,225,Peach,6.77
1995,GA,13,227,Pickens,2.94
1995,GA,13,229,Pierce,5.79
1995,GA,13,231,Pike,3.14
1995,GA,13,233,Polk,10.63
1995,GA,13,235,Pulaski,12.20
1995,GA,13,237,Putnam,1010.49
1995,GA,13,239,Quitman,1.89
1995,GA,13,241,Rabun,4.09
1995,GA,13,243,Randolph,10.62
1995,GA,13,245,Richmond,127.34
1995,GA,13,247,Rockdale,2.26
1995,GA,13,249,Schley,1.84
1995,GA,13,251,Screven,8.07
1995,GA,13,253,Seminole,23.74
1995,GA,13,255,Spalding,10.14
1995,GA,13,257,Stephens,3.12
1995,GA,13,259,Stewart,3.50
1995,GA,13,261,Sumter,28.43
1995,GA,13,263,Talbot,2.87
1995,GA,13,265,Taliaferro,0.24
1995,GA,13,267,Tattnall,18.38
1995,GA,13,269,Taylor,2.10
1995,GA,13,271,Telfair,10.41
1995,GA,13,273,Terrell,20.76
1995,GA,13,275,Thomas,12.67
1995,GA,13,277,Tift,34.54
1995,GA,13,279,Toombs,7.00
1995,GA,13,281,Towns,2.03
1995,GA,13,283,Treutlen,1.67
1995,GA,13,285,Troup,13.31
1995,GA,13,287,Turner,19.11
1995,GA,13,289,Twiggs,23.27
1995,GA,13,291,Union,1.37
1995,GA,13,293,Upson,11.13
1995,GA,13,295,Walker,10.88
1995,GA,13,297,Walton,5.77
1995,GA,13,299,Ware,5.92
1995,GA,13,301,Warren,5.04
1995,GA,13,303,Washington,24.42
1995,GA,13,305,Wayne,65.98
1995,GA,13,307,Webster,5.36
1995,GA,13,309,Wheeler,3.14
1995,GA,13,311,White,5.91
1995,GA,13,313,Whitfield,38.92
1995,GA,13,315,Wilcox,15.27
1995,GA,13,317,Wilkes,4.12
1995,GA,13,319,Wilkinson,23.44
1995,GA,13,321,Worth,29.05
1995,HI,15,001,Hawaii,131.80
1995,HI,15,003,Honolulu,1111.09
1995,HI,15,005,Kalawao,0.00
1995,HI,15,007,Kauai,260.92
1995,HI,15,009,Maui,430.24
1995,ID,16,001,Ada,1098.26
1995,ID,16,003,Adams,63.65
1995,ID,16,005,Bannock,313.50
1995,ID,16,007,Bear Lake,117.30
1995,ID,16,009,Benewah,8.04
1995,ID,16,011,Bingham,1093.67
1995,ID,16,013,Blaine,160.22
1995,ID,16,015,Boise,15.24
1995,ID,16,017,Bonner,35.17
1995,ID,16,019,Bonneville,644.85
1995,ID,16,021,Boundary,2.34
1995,ID,16,023,Butte,167.63
1995,ID,16,025,Camas,26.99
1995,ID,16,027,Canyon,639.02
1995,ID,16,029,Caribou,225.35
1995,ID,16,031,Cassia,585.47
1995,ID,16,033,Clark,105.76
1995,ID,16,035,Clearwater,36.40
1995,ID,16,037,Custer,141.75
1995,ID,16,039,Elmore,327.42
1995,ID,16,041,Franklin,177.68
1995,ID,16,043,Fremont,338.39
1995,ID,16,045,Gem,135.63
1995,ID,16,047,Gooding,1288.62
1995,ID,16,049,Idaho,30.26
1995,ID,16,051,Jefferson,1544.07
1995,ID,16,053,Jerome,1108.54
1995,ID,16,055,Kootenai,47.12
1995,ID,16,057,Latah,11.66
1995,ID,16,059,Lemhi,123.71
1995,ID,16,061,Lewis,1.09
1995,ID,16,063,Lincoln,420.61
1995,ID,16,065,Madison,295.29
1995,ID,16,067,Minidoka,526.83
1995,ID,16,069,Nez Perce,18.58
1995,ID,16,071,Oneida,103.32
1995,ID,16,073,Owyhee,474.04
1995,ID,16,075,Payette,254.10
1995,ID,16,077,Power,305.51
1995,ID,16,079,Shoshone,9.94
1995,ID,16,081,Teton,116.30
1995,ID,16,083,Twin Falls,1890.61
1995,ID,16,085,Valley,28.14
1995,ID,16,087,Washington,83.38
1995,IL,17,001,Adams,23.50
1995,IL,17,003,Alexander,2.45
1995,IL,17,005,Bond,2.40
1995,IL,17,007,Boone,6.26
1995,IL,17,009,Brown,0.44
1995,IL,17,011,Bureau,8.14
1995,IL,17,013,Calhoun,8.33
1995,IL,17,015,Carroll,8.53
1995,IL,17,017,Cass,9.52
1995,IL,17,019,Champaign,36.10
1995,IL,17,021,Christian,776.08
1995,IL,17,023,Clark,4.31
1995,IL,17,025,Clay,2.39
1995,IL,17,027,Clinton,7.79
1995,IL,17,029,Coles,7.85
1995,IL,17,031,Cook,1691.48
1995,IL,17,033,Crawford,61.20
1995,IL,17,035,Cumberland,2.00
1995,IL,17,037,De Kalb,12.01
1995,IL,17,039,De Witt,712.00
1995,IL,17,041,Douglas,5.74
1995,IL,17,043,Du Page,18.34
1995,IL,17,045,Edgar,2.84
1995,IL,17,047,Edwards,1.67
1995,IL,17,049,Effingham,6.10
1995,IL,17,051,Fayette,7.02
1995,IL,17,053,Ford,3.94
1995,IL,17,055,Franklin,15.72
1995,IL,17,057,Fulton,273.39
1995,IL,17,059,Gallatin,10.22
1995,IL,17,061,Greene,3.05
1995,IL,17,063,Grundy,2560.49
1995,IL,17,065,Hamilton,0.99
1995,IL,17,067,Hancock,3.17
1995,IL,17,069,Hardin,2.77
1995,IL,17,071,Henderson,15.12
1995,IL,17,073,Henry,9.07
1995,IL,17,075,Iroquois,4.39
1995,IL,17,077,Jackson,190.91
1995,IL,17,079,Jasper,532.23
1995,IL,17,081,Jefferson,3.53
1995,IL,17,083,Jersey,7.34
1995,IL,17,085,Jo Daviess,8.56
1995,IL,17,087,Johnson,1.96
1995,IL,17,089,Kane,53.42
1995,IL,17,091,Kankakee,28.97
1995,IL,17,093,Kendall,5.51
1995,IL,17,095,Knox,8.65
1995,IL,17,097,Lake,2449.32
1995,IL,17,099,La Salle,888.19
1995,IL,17,101,Lawrence,13.88
1995,IL,17,103,Lee,15.63
1995,IL,17,105,Livingston,7.18
1995,IL,17,107,Logan,4.82
1995,IL,17,109,McDonough,4.63
1995,IL,17,111,McHenry,39.84
1995,IL,17,113,McLean,16.96
1995,IL,17,115,Macon,46.55
1995,IL,17,117,Macoupin,10.48
1995,IL,17,119,Madison,308.19
1995,IL,17,121,Marion,6.33
1995,IL,17,123,Marshall,4.36
1995,IL,17,125,Mason,118.99
1995,IL,17,127,Massac,592.23
1995,IL,17,129,Menard,1.93
1995,IL,17,131,Mercer,4.62
1995,IL,17,133,Monroe,2.79
1995,IL,17,135,Montgomery,333.72
1995,IL,17,137,Morgan,159.05
1995,IL,17,139,Moultrie,2.56
1995,IL,17,141,Ogle,30.79
1995,IL,17,143,Peoria,110.44
1995,IL,17,145,Perry,11.34
1995,IL,17,147,Piatt,3.29
1995,IL,17,149,Pike,23.44
1995,IL,17,151,Pope,0.53
1995,IL,17,153,Pulaski,1.31
1995,IL,17,155,Putnam,166.74
1995,IL,17,157,Randolph,1179.41
1995,IL,17,159,Richland,3.23
1995,IL,17,161,Rock Island,924.93
1995,IL,17,163,St Clair,46.76
1995,IL,17,165,Saline,0.86
1995,IL,17,167,Sangamon,336.94
1995,IL,17,169,Schuyler,2.16
1995,IL,17,171,Scott,6.28
1995,IL,17,173,Shelby,4.41
1995,IL,17,175,Stark,1.39
1995,IL,17,177,Stephenson,10.88
1995,IL,17,179,Tazewell,798.48
1995,IL,17,181,Union,3.84
1995,IL,17,183,Vermilion,16.34
1995,IL,17,185,Wabash,7.83
1995,IL,17,187,Warren,3.62
1995,IL,17,189,Washington,3.17
1995,IL,17,191,Wayne,5.37
1995,IL,17,193,White,6.44
1995,IL,17,195,Whiteside,33.02
1995,IL,17,197,Will,3907.86
1995,IL,17,199,Williamson,13.76
1995,IL,17,201,Winnebago,46.61
1995,IL,17,203,Woodford,10.75
1995,IN,18,001,Adams,7.44
1995,IN,18,003,Allen,54.84
1995,IN,18,005,Bartholomew,21.79
1995,IN,18,007,Benton,1.86
1995,IN,18,009,Blackford,2.21
1995,IN,18,011,Boone,5.44
1995,IN,18,013,Brown,0.56
1995,IN,18,015,Carroll,4.67
1995,IN,18,017,Cass,29.19
1995,IN,18,019,Clark,31.18
1995,IN,18,021,Clay,2.10
1995,IN,18,023,Clinton,6.50
1995,IN,18,025,Crawford,6.32
1995,IN,18,027,Daviess,9.00
1995,IN,18,029,Dearborn,621.75
1995,IN,18,031,Decatur,4.35
1995,IN,18,033,De Kalb,7.53
1995,IN,18,035,Delaware,18.80
1995,IN,18,037,Dubois,9.52
1995,IN,18,039,Elkhart,43.42
1995,IN,18,041,Fayette,4.47
1995,IN,18,043,Floyd,271.50
1995,IN,18,045,Fountain,3.70
1995,IN,18,047,Franklin,2.71
1995,IN,18,049,Fulton,8.20
1995,IN,18,051,Gibson,49.09
1995,IN,18,053,Grant,13.58
1995,IN,18,055,Greene,24.22
1995,IN,18,057,Hamilton,76.05
1995,IN,18,059,Hancock,5.49
1995,IN,18,061,Harrison,2.76
1995,IN,18,063,Hendricks,9.89
1995,IN,18,065,Henry,11.81
1995,IN,18,067,Howard,22.94
1995,IN,18,069,Huntington,5.16
1995,IN,18,071,Jackson,9.95
1995,IN,18,073,Jasper,30.99
1995,IN,18,075,Jay,3.90
1995,IN,18,077,Jefferson,1317.80
1995,IN,18,079,Jennings,4.03
1995,IN,18,081,Johnson,13.08
1995,IN,18,083,Knox,61.00
1995,IN,18,085,Kosciusko,23.11
1995,IN,18,087,Lagrange,11.72
1995,IN,18,089,Lake,2173.68
1995,IN,18,091,La Porte,85.53
1995,IN,18,093,Lawrence,8.80
1995,IN,18,095,Madison,21.57
1995,IN,18,097,Marion,318.48
1995,IN,18,099,Marshall,7.48
1995,IN,18,101,Martin,2.94
1995,IN,18,103,Miami,7.41
1995,IN,18,105,Monroe,14.62
1995,IN,18,107,Montgomery,6.60
1995,IN,18,109,Morgan,151.20
1995,IN,18,111,Newton,4.44
1995,IN,18,113,Noble,9.96
1995,IN,18,115,Ohio,0.68
1995,IN,18,117,Orange,2.82
1995,IN,18,119,Owen,2.19
1995,IN,18,121,Parke,1.89
1995,IN,18,123,Perry,2.44
1995,IN,18,125,Pike,472.61
1995,IN,18,127,Porter,678.94
1995,IN,18,129,Posey,19.51
1995,IN,18,131,Pulaski,9.87
1995,IN,18,133,Putnam,7.95
1995,IN,18,135,Randolph,4.24
1995,IN,18,137,Ripley,4.14
1995,IN,18,139,Rush,3.33
1995,IN,18,141,St Joseph,94.33
1995,IN,18,143,Scott,4.18
1995,IN,18,145,Shelby,8.49
1995,IN,18,147,Spencer,31.62
1995,IN,18,149,Starke,7.27
1995,IN,18,151,Steuben,4.25
1995,IN,18,153,Sullivan,450.34
1995,IN,18,155,Switzerland,4.27
1995,IN,18,157,Tippecanoe,44.78
1995,IN,18,159,Tipton,2.20
1995,IN,18,161,Union,0.88
1995,IN,18,163,Vanderburgh,29.50
1995,IN,18,165,Vermillion,469.71
1995,IN,18,167,Vigo,327.96
1995,IN,18,169,Wabash,10.35
1995,IN,18,171,Warren,6.23
1995,IN,18,173,Warrick,709.03
1995,IN,18,175,Washington,4.29
1995,IN,18,177,Wayne,16.23
1995,IN,18,179,Wells,4.06
1995,IN,18,181,White,6.43
1995,IN,18,183,Whitley,3.97
1995,IA,19,001,Adair,2.00
1995,IA,19,003,Adams,1.67
1995,IA,19,005,Allamakee,212.42
1995,IA,19,007,Appanoose,5.43
1995,IA,19,009,Audubon,1.77
1995,IA,19,011,Benton,3.47
1995,IA,19,013,Black Hawk,57.32
1995,IA,19,015,Boone,3.38
1995,IA,19,017,Bremer,4.82
1995,IA,19,019,Buchanan,3.81
1995,IA,19,021,Buena Vista,5.36
1995,IA,19,023,Butler,7.77
1995,IA,19,025,Calhoun,2.34
1995,IA,19,027,Carroll,5.49
1995,IA,19,029,Cass,3.62
1995,IA,19,031,Cedar,3.00
1995,IA,19,033,Cerro Gordo,9.44
1995,IA,19,035,Cherokee,4.68
1995,IA,19,037,Chickasaw,2.73
1995,IA,19,039,Clarke,1.56
1995,IA,19,041,Clay,3.32
1995,IA,19,043,Clayton,5.06
1995,IA,19,045,Clinton,279.11
1995,IA,19,047,Crawford,3.67
1995,IA,19,049,Dallas,6.14
1995,IA,19,051,Davis,1.28
1995,IA,19,053,Decatur,1.65
1995,IA,19,055,Delaware,5.65
1995,IA,19,057,Des Moines,115.20
1995,IA,19,059,Dickinson,3.02
1995,IA,19,061,Dubuque,81.50
1995,IA,19,063,Emmet,2.36
1995,IA,19,065,Fayette,4.85
1995,IA,19,067,Floyd,3.69
1995,IA,19,069,Franklin,2.50
1995,IA,19,071,Fremont,6.33
1995,IA,19,073,Greene,2.08
1995,IA,19,075,Grundy,2.15
1995,IA,19,077,Guthrie,2.21
1995,IA,19,079,Hamilton,3.07
1995,IA,19,081,Hancock,3.56
1995,IA,19,083,Hardin,4.95
1995,IA,19,085,Harrison,11.65
1995,IA,19,087,Henry,2.63
1995,IA,19,089,Howard,1.95
1995,IA,19,091,Humboldt,3.59
1995,IA,19,093,Ida,1.79
1995,IA,19,095,Iowa,3.40
1995,IA,19,097,Jackson,8.50
1995,IA,19,099,Jasper,7.52
1995,IA,19,101,Jefferson,2.51
1995,IA,19,103,Johnson,62.93
1995,IA,19,105,Jones,4.03
1995,IA,19,107,Keokuk,2.50
1995,IA,19,109,Kossuth,3.44
1995,IA,19,111,Lee,18.52
1995,IA,19,113,Linn,259.86
1995,IA,19,115,Louisa,10.21
1995,IA,19,117,Lucas,1.38
1995,IA,19,119,Lyon,4.39
1995,IA,19,121,Madison,2.16
1995,IA,19,123,Mahaska,3.74
1995,IA,19,125,Marion,5.67
1995,IA,19,127,Marshall,11.11
1995,IA,19,129,Mills,2.53
1995,IA,19,131,Mitchell,2.33
1995,IA,19,133,Monona,12.24
1995,IA,19,135,Monroe,1.26
1995,IA,19,137,Montgomery,1.88
1995,IA,19,139,Muscatine,270.13
1995,IA,19,141,O'Brien,3.67
1995,IA,19,143,Osceola,2.77
1995,IA,19,145,Page,3.06
1995,IA,19,147,Palo Alto,2.89
1995,IA,19,149,Plymouth,6.35
1995,IA,19,151,Pocahontas,1.65
1995,IA,19,153,Polk,56.52
1995,IA,19,155,Pottawattamie,468.82
1995,IA,19,157,Poweshiek,2.96
1995,IA,19,159,Ringgold,1.27
1995,IA,19,161,Sac,3.47
1995,IA,19,163,Scott,100.76
1995,IA,19,165,Shelby,2.57
1995,IA,19,167,Sioux,15.57
1995,IA,19,169,Story,12.81
1995,IA,19,171,Tama,4.81
1995,IA,19,173,Taylor,1.35
1995,IA,19,175,Union,3.34
1995,IA,19,177,Van Buren,1.31
1995,IA,19,179,Wapello,20.15
1995,IA,19,181,Warren,7.52
1995,IA,19,183,Washington,3.88
1995,IA,19,185,Wayne,0.91
1995,IA,19,187,Webster,8.84
1995,IA,19,189,Winnebago,1.92
1995,IA,19,191,Winneshiek,5.43
1995,IA,19,193,Woodbury,672.15
1995,IA,19,195,Worth,5.28
1995,IA,19,197,Wright,3.32
1995,KS,20,001,Allen,2.89
1995,KS,20,003,Anderson,1.67
1995,KS,20,005,Atchison,5.90
1995,KS,20,007,Barber,4.70
1995,KS,20,009,Barton,38.25
1995,KS,20,011,Bourbon,3.33
1995,KS,20,013,Brown,2.13
1995,KS,20,015,Butler,12.82
1995,KS,20,017,Chase,0.87
1995,KS,20,019,Chautauqua,1.24
1995,KS,20,021,Cherokee,92.32
1995,KS,20,023,Cheyenne,37.97
1995,KS,20,025,Clark,5.30
1995,KS,20,027,Clay,14.50
1995,KS,20,029,Cloud,15.17
1995,KS,20,031,Coffey,23.50
1995,KS,20,033,Comanche,7.66
1995,KS,20,035,Cowley,9.59
1995,KS,20,037,Crawford,6.80
1995,KS,20,039,Decatur,13.22
1995,KS,20,041,Dickinson,5.20
1995,KS,20,043,Doniphan,0.85
1995,KS,20,045,Douglas,21.61
1995,KS,20,047,Edwards,95.46
1995,KS,20,049,Elk,1.43
1995,KS,20,051,Ellis,4.85
1995,KS,20,053,Ellsworth,2.78
1995,KS,20,055,Finney,295.28
1995,KS,20,057,Ford,103.73
1995,KS,20,059,Franklin,3.16
1995,KS,20,061,Geary,8.53
1995,KS,20,063,Gove,20.07
1995,KS,20,065,Graham,10.80
1995,KS,20,067,Grant,173.03
1995,KS,20,069,Gray,225.61
1995,KS,20,071,Greeley,26.42
1995,KS,20,073,Greenwood,2.03
1995,KS,20,075,Hamilton,47.39
1995,KS,20,077,Harper,3.07
1995,KS,20,079,Harvey,41.89
1995,KS,20,081,Haskell,291.13
1995,KS,20,083,Hodgeman,32.78
1995,KS,20,085,Jackson,2.02
1995,KS,20,087,Jefferson,3.09
1995,KS,20,089,Jewell,78.07
1995,KS,20,091,Johnson,12.28
1995,KS,20,093,Kearny,192.34
1995,KS,20,095,Kingman,16.36
1995,KS,20,097,Kiowa,51.15
1995,KS,20,099,Labette,4.60
1995,KS,20,101,Lane,20.45
1995,KS,20,103,Leavenworth,9.69
1995,KS,20,105,Lincoln,1.25
1995,KS,20,107,Linn,727.23
1995,KS,20,109,Logan,8.00
1995,KS,20,111,Lyon,8.87
1995,KS,20,113,McPherson,29.90
1995,KS,20,115,Marion,3.34
1995,KS,20,117,Marshall,3.13
1995,KS,20,119,Meade,157.48
1995,KS,20,121,Miami,4.03
1995,KS,20,123,Mitchell,12.16
1995,KS,20,125,Montgomery,8.72
1995,KS,20,127,Morris,1.75
1995,KS,20,129,Morton,55.66
1995,KS,20,131,Nemaha,3.04
1995,KS,20,133,Neosho,3.15
1995,KS,20,135,Ness,5.56
1995,KS,20,137,Norton,12.24
1995,KS,20,139,Osage,2.11
1995,KS,20,141,Osborne,4.56
1995,KS,20,143,Ottawa,2.80
1995,KS,20,145,Pawnee,68.10
1995,KS,20,147,Phillips,32.15
1995,KS,20,149,Pottawatomie,39.72
1995,KS,20,151,Pratt,76.98
1995,KS,20,153,Rawlins,16.28
1995,KS,20,155,Reno,58.22
1995,KS,20,157,Republic,28.75
1995,KS,20,159,Rice,20.38
1995,KS,20,161,Riley,6.05
1995,KS,20,163,Rooks,16.96
1995,KS,20,165,Rush,10.10
1995,KS,20,167,Russell,1.21
1995,KS,20,169,Saline,10.10
1995,KS,20,171,Scott,63.59
1995,KS,20,173,Sedgwick,89.30
1995,KS,20,175,Seward,159.59
1995,KS,20,177,Shawnee,42.92
1995,KS,20,179,Sheridan,78.09
1995,KS,20,181,Sherman,89.75
1995,KS,20,183,Smith,4.76
1995,KS,20,185,Stafford,75.55
1995,KS,20,187,Stanton,163.55
1995,KS,20,189,Stevens,189.06
1995,KS,20,191,Sumner,6.89
1995,KS,20,193,Thomas,91.00
1995,KS,20,195,Trego,4.64
1995,KS,20,197,Wabaunsee,3.55
1995,KS,20,199,Wallace,62.22
1995,KS,20,201,Washington,5.59
1995,KS,20,203,Wichita,75.50
1995,KS,20,205,Wilson,2.75
1995,KS,20,207,Woodson,0.96
1995,KS,20,209,Wyandotte,479.18
1995,KY,21,001,Adair,2.36
1995,KY,21,003,Allen,2.09
1995,KY,21,005,Anderson,3.32
1995,KY,21,007,Ballard,23.48
1995,KY,21,009,Barren,7.68
1995,KY,21,011,Bath,4.51
1995,KY,21,013,Bell,7.58
1995,KY,21,015,Boone,8.30
1995,KY,21,017,Bourbon,2.96
1995,KY,21,019,Boyd,79.99
1995,KY,21,021,Boyle,4.80
1995,KY,21,023,Bracken,1.59
1995,KY,21,025,Breathitt,1.05
1995,KY,21,027,Breckinridge,1.83
1995,KY,21,029,Bullitt,3.87
1995,KY,21,031,Butler,1.51
1995,KY,21,033,Caldwell,1.29
1995,KY,21,035,Calloway,5.05
1995,KY,21,037,Campbell,31.80
1995,KY,21,039,Carlisle,2.56
1995,KY,21,041,Carroll,43.48
1995,KY,21,043,Carter,3.08
1995,KY,21,045,Casey,1.88
1995,KY,21,047,Christian,10.39
1995,KY,21,049,Clark,108.52
1995,KY,21,051,Clay,2.84
1995,KY,21,053,Clinton,1.33
1995,KY,21,055,Crittenden,1.03
1995,KY,21,057,Cumberland,0.81
1995,KY,21,059,Daviess,220.16
1995,KY,21,061,Edmonson,1.20
1995,KY,21,063,Elliott,0.44
1995,KY,21,065,Estill,2.02
1995,KY,21,067,Fayette,43.11
1995,KY,21,069,Fleming,1.64
1995,KY,21,071,Floyd,3.78
1995,KY,21,073,Franklin,8.53
1995,KY,21,075,Fulton,1.67
1995,KY,21,077,Gallatin,0.81
1995,KY,21,079,Garrard,1.65
1995,KY,21,081,Grant,2.06
1995,KY,21,083,Graves,14.67
1995,KY,21,085,Grayson,3.35
1995,KY,21,087,Green,1.64
1995,KY,21,089,Greenup,16.42
1995,KY,21,091,Hancock,250.88
1995,KY,21,093,Hardin,13.37
1995,KY,21,095,Harlan,4.80
1995,KY,21,097,Harrison,3.36
1995,KY,21,099,Hart,3.61
1995,KY,21,101,Henderson,117.66
1995,KY,21,103,Henry,2.96
1995,KY,21,105,Hickman,0.76
1995,KY,21,107,Hopkins,18.07
1995,KY,21,109,Jackson,1.20
1995,KY,21,111,Jefferson,927.75
1995,KY,21,113,Jessamine,3.91
1995,KY,21,115,Johnson,2.03
1995,KY,21,117,Kenton,8.45
1995,KY,21,119,Knott,0.94
1995,KY,21,121,Knox,0.97
1995,KY,21,123,Larue,1.25
1995,KY,21,125,Laurel,9.67
1995,KY,21,127,Lawrence,15.89
1995,KY,21,129,Lee,0.70
1995,KY,21,131,Leslie,2.92
1995,KY,21,133,Letcher,2.38
1995,KY,21,135,Lewis,1.38
1995,KY,21,137,Lincoln,2.25
1995,KY,21,139,Livingston,23.81
1995,KY,21,141,Logan,5.01
1995,KY,21,143,Lyon,2.08
1995,KY,21,145,McCracken,1005.51
1995,KY,21,147,McCreary,1.14
1995,KY,21,149,McLean,0.83
1995,KY,21,151,Madison,11.84
1995,KY,21,153,Magoffin,0.94
1995,KY,21,155,Marion,2.86
1995,KY,21,157,Marshall,22.21
1995,KY,21,159,Martin,5.82
1995,KY,21,161,Mason,44.84
1995,KY,21,163,Meade,25.40
1995,KY,21,165,Menifee,0.21
1995,KY,21,167,Mercer,20.01
1995,KY,21,169,Metcalfe,1.06
1995,KY,21,171,Monroe,1.94
1995,KY,21,173,Montgomery,2.46
1995,KY,21,175,Morgan,1.41
1995,KY,21,177,Muhlenberg,487.69
1995,KY,21,179,Nelson,8.12
1995,KY,21,181,Nicholas,2.45
1995,KY,21,183,Ohio,7.56
1995,KY,21,185,Oldham,5.08
1995,KY,21,187,Owen,2.33
1995,KY,21,189,Owsley,0.42
1995,KY,21,191,Pendleton,1.53
1995,KY,21,193,Perry,6.07
1995,KY,21,195,Pike,8.16
1995,KY,21,197,Powell,0.39
1995,KY,21,199,Pulaski,390.26
1995,KY,21,201,Robertson,0.22
1995,KY,21,203,Rockcastle,1.48
1995,KY,21,205,Rowan,3.48
1995,KY,21,207,Russell,3.04
1995,KY,21,209,Scott,3.38
1995,KY,21,211,Shelby,4.66
1995,KY,21,213,Simpson,2.04
1995,KY,21,215,Spencer,1.16
1995,KY,21,217,Taylor,6.13
1995,KY,21,219,Todd,1.87
1995,KY,21,221,Trigg,2.24
1995,KY,21,223,Trimble,0.68
1995,KY,21,225,Union,7.34
1995,KY,21,227,Warren,16.53
1995,KY,21,229,Washington,1.97
1995,KY,21,231,Wayne,2.41
1995,KY,21,233,Webster,151.58
1995,KY,21,235,Whitley,2.01
1995,KY,21,237,Wolfe,0.57
1995,KY,21,239,Woodford,16.64
1995,LA,22,001,Acadia,110.02
1995,LA,22,003,Allen,24.13
1995,LA,22,005,Ascension,226.75
1995,LA,22,007,Assumption,28.95
1995,LA,22,009,Avoyelles,17.48
1995,LA,22,011,Beauregard,29.54
1995,LA,22,013,Bienville,1.78
1995,LA,22,015,Bossier,12.23
1995,LA,22,017,Caddo,86.50
1995,LA,22,019,Calcasieu,312.00
1995,LA,22,021,Caldwell,3.10
1995,LA,22,023,Cameron,27.50
1995,LA,22,025,Catahoula,17.33
1995,LA,22,027,Claiborne,2.81
1995,LA,22,029,Concordia,31.54
1995,LA,22,031,De Soto,14.14
1995,LA,22,033,East Baton Rouge,151.66
1995,LA,22,035,East Carroll,38.00
1995,LA,22,037,East Feliciana,3.33
1995,LA,22,039,Evangeline,188.05
1995,LA,22,041,Franklin,27.42
1995,LA,22,043,Grant,4.36
1995,LA,22,045,Iberia,30.67
1995,LA,22,047,Iberville,1217.68
1995,LA,22,049,Jackson,21.18
1995,LA,22,051,Jefferson,1139.87
1995,LA,22,053,Jefferson Davis,151.53
1995,LA,22,055,Lafayette,33.13
1995,LA,22,057,Lafourche,29.55
1995,LA,22,059,La Salle,2.09
1995,LA,22,061,Lincoln,8.24
1995,LA,22,063,Livingston,15.97
1995,LA,22,065,Madison,18.60
1995,LA,22,067,Morehouse,72.81
1995,LA,22,069,Natchitoches,24.21
1995,LA,22,071,Orleans,635.54
1995,LA,22,073,Ouachita,111.89
1995,LA,22,075,Plaquemines,115.70
1995,LA,22,077,Pointe Coupee,290.10
1995,LA,22,079,Rapides,497.74
1995,LA,22,081,Red River,1.62
1995,LA,22,083,Richland,24.52
1995,LA,22,085,Sabine,3.63
1995,LA,22,087,St Bernard,305.65
1995,LA,22,089,St Charles,1953.47
1995,LA,22,091,St Helena,6.29
1995,LA,22,093,St James,246.68
1995,LA,22,095,St John the Baptist,731.45
1995,LA,22,097,St Landry,47.81
1995,LA,22,099,St Martin,44.69
1995,LA,22,101,St Mary,219.35
1995,LA,22,103,St Tammany,23.93
1995,LA,22,105,Tangipahoa,17.78
1995,LA,22,107,Tensas,11.72
1995,LA,22,109,Terrebonne,33.11
1995,LA,22,111,Union,4.96
1995,LA,22,113,Vermilion,262.25
1995,LA,22,115,Vernon,9.21
1995,LA,22,117,Washington,31.60
1995,LA,22,119,Webster,7.52
1995,LA,22,121,West Baton Rouge,9.77
1995,LA,22,123,West Carroll,25.15
1995,LA,22,125,West Feliciana,47.49
1995,LA,22,127,Winn,2.98
1995,ME,23,001,Androscoggin,14.00
1995,ME,23,003,Aroostook,25.01
1995,ME,23,005,Cumberland,87.21
1995,ME,23,007,Franklin,5.36
1995,ME,23,009,Hancock,61.48
1995,ME,23,011,Kennebec,29.75
1995,ME,23,013,Knox,5.30
1995,ME,23,015,Lincoln,3.44
1995,ME,23,017,Oxford,10.49
1995,ME,23,019,Penobscot,21.47
1995,ME,23,021,Piscataquis,3.06
1995,ME,23,023,Sagadahoc,4.59
1995,ME,23,025,Somerset,8.30
1995,ME,23,027,Waldo,3.83
1995,ME,23,029,Washington,4.98
1995,ME,23,031,York,37.73
1995,MD,24,001,Allegany,45.12
1995,MD,24,003,Anne Arundel,735.29
1995,MD,24,005,Baltimore,906.35
1995,MD,24,009,Calvert,3228.11
1995,MD,24,011,Caroline,19.83
1995,MD,24,013,Carroll,15.35
1995,MD,24,015,Cecil,9.02
1995,MD,24,017,Charles,1102.59
1995,MD,24,019,Dorchester,24.92
1995,MD,24,021,Frederick,38.99
1995,MD,24,023,Garrett,9.05
1995,MD,24,025,Harford,17.98
1995,MD,24,027,Howard,3.56
1995,MD,24,029,Kent,6.40
1995,MD,24,031,Montgomery,728.52
1995,MD,24,033,Prince Georges,619.53
1995,MD,24,035,Queen Annes,13.91
1995,MD,24,037,St Marys,10.65
1995,MD,24,039,Somerset,6.76
1995,MD,24,041,Talbot,6.98
1995,MD,24,043,Washington,60.01
1995,MD,24,045,Wicomico,20.15
1995,MD,24,047,Worcester,14.56
1995,MD,24,510,Baltimore City,85.61
1995,MA,25,001,Barnstable,422.03
1995,MA,25,003,Berkshire,24.01
1995,MA,25,005,Bristol,1481.57
1995,MA,25,007,Dukes,2.80
1995,MA,25,009,Essex,600.17
1995,MA,25,011,Franklin,9.08
1995,MA,25,013,Hampden,232.03
1995,MA,25,015,Hampshire,26.02
1995,MA,25,017,Middlesex,840.26
1995,MA,25,019,Nantucket,1.58
1995,MA,25,021,Norfolk,56.69
1995,MA,25,023,Plymouth,1013.81
1995,MA,25,025,Suffolk,494.65
1995,MA,25,027,Worcester,306.32
1995,MI,26,001,Alcona,2.29
1995,MI,26,003,Alger,3.94
1995,MI,26,005,Allegan,50.55
1995,MI,26,007,Alpena,409.27
1995,MI,26,009,Antrim,8.48
1995,MI,26,011,Arenac,52.88
1995,MI,26,013,Baraga,2.12
1995,MI,26,015,Barry,8.61
1995,MI,26,017,Bay,627.86
1995,MI,26,019,Benzie,3.53
1995,MI,26,021,Berrien,2195.78
1995,MI,26,023,Branch,21.00
1995,MI,26,025,Calhoun,60.68
1995,MI,26,027,Cass,17.50
1995,MI,26,029,Charlevoix,117.36
1995,MI,26,031,Cheboygan,4.12
1995,MI,26,033,Chippewa,10.40
1995,MI,26,035,Clare,4.23
1995,MI,26,037,Clinton,11.81
1995,MI,26,039,Crawford,2.71
1995,MI,26,041,Delta,75.91
1995,MI,26,043,Dickinson,11.23
1995,MI,26,045,Eaton,17.71
1995,MI,26,047,Emmet,6.10
1995,MI,26,049,Genesee,54.89
1995,MI,26,051,Gladwin,3.29
1995,MI,26,053,Gogebic,4.27
1995,MI,26,055,Grand Traverse,17.62
1995,MI,26,057,Gratiot,9.22
1995,MI,26,059,Hillsdale,62.04
1995,MI,26,061,Houghton,6.35
1995,MI,26,063,Huron,53.31
1995,MI,26,065,Ingham,163.26
1995,MI,26,067,Ionia,12.80
1995,MI,26,069,Iosco,6.02
1995,MI,26,071,Iron,4.82
1995,MI,26,073,Isabella,10.44
1995,MI,26,075,Jackson,37.28
1995,MI,26,077,Kalamazoo,111.67
1995,MI,26,079,Kalkaska,4.46
1995,MI,26,081,Kent,184.32
1995,MI,26,083,Keweenaw,0.27
1995,MI,26,085,Lake,1.24
1995,MI,26,087,Lapeer,13.65
1995,MI,26,089,Leelanau,7.24
1995,MI,26,091,Lenawee,24.42
1995,MI,26,093,Livingston,24.89
1995,MI,26,095,Luce,1.16
1995,MI,26,097,Mackinac,14.71
1995,MI,26,099,Macomb,80.01
1995,MI,26,101,Manistee,37.23
1995,MI,26,103,Marquette,257.03
1995,MI,26,105,Mason,27.54
1995,MI,26,107,Mecosta,15.98
1995,MI,26,109,Menominee,7.56
1995,MI,26,111,Midland,88.91
1995,MI,26,113,Missaukee,4.58
1995,MI,26,115,Monroe,1763.52
1995,MI,26,117,Montcalm,26.81
1995,MI,26,119,Montmorency,2.81
1995,MI,26,121,Muskegon,321.89
1995,MI,26,123,Newaygo,17.16
1995,MI,26,125,Oakland,110.91
1995,MI,26,127,Oceana,8.16
1995,MI,26,129,Ogemaw,3.64
1995,MI,26,131,Ontonagon,30.61
1995,MI,26,133,Osceola,7.02
1995,MI,26,135,Oscoda,1.46
1995,MI,26,137,Otsego,4.23
1995,MI,26,139,Ottawa,639.68
1995,MI,26,141,Presque Isle,6.27
1995,MI,26,143,Roscommon,3.61
1995,MI,26,145,Saginaw,32.02
1995,MI,26,147,St Clair,1562.51
1995,MI,26,149,St Joseph,58.06
1995,MI,26,151,Sanilac,16.79
1995,MI,26,153,Schoolcraft,11.99
1995,MI,26,155,Shiawassee,12.20
1995,MI,26,157,Tuscola,12.77
1995,MI,26,159,Van Buren,102.14
1995,MI,26,161,Washtenaw,54.57
1995,MI,26,163,Wayne,2165.49
1995,MI,26,165,Wexford,8.74
1995,MN,27,001,Aitkin,4.97
1995,MN,27,003,Anoka,142.22
1995,MN,27,005,Becker,5.10
1995,MN,27,007,Beltrami,7.75
1995,MN,27,009,Benton,18.29
1995,MN,27,011,Big Stone,1.36
1995,MN,27,013,Blue Earth,32.13
1995,MN,27,015,Brown,3.74
1995,MN,27,017,Carlton,22.36
1995,MN,27,019,Carver,7.82
1995,MN,27,021,Cass,3.98
1995,MN,27,023,Chippewa,9.48
1995,MN,27,025,Chisago,3.84
1995,MN,27,027,Clay,7.87
1995,MN,27,029,Clearwater,13.40
1995,MN,27,031,Cook,126.11
1995,MN,27,033,Cottonwood,3.18
1995,MN,27,035,Crow Wing,8.96
1995,MN,27,037,Dakota,224.18
1995,MN,27,039,Dodge,1.97
1995,MN,27,041,Douglas,5.50
1995,MN,27,043,Faribault,2.84
1995,MN,27,045,Fillmore,14.67
1995,MN,27,047,Freeborn,6.55
1995,MN,27,049,Goodhue,599.77
1995,MN,27,051,Grant,1.68
1995,MN,27,053,Hennepin,253.16
1995,MN,27,055,Houston,2.93
1995,MN,27,057,Hubbard,6.76
1995,MN,27,059,Isanti,3.01
1995,MN,27,061,Itasca,174.61
1995,MN,27,063,Jackson,1.74
1995,MN,27,065,Kanabec,1.63
1995,MN,27,067,Kandiyohi,9.44
1995,MN,27,069,Kittson,0.68
1995,MN,27,071,Koochiching,42.85
1995,MN,27,073,Lac Qui Parle,3.51
1995,MN,27,075,Lake,132.97
1995,MN,27,077,Lake of the Woods,1.24
1995,MN,27,079,Le Sueur,3.72
1995,MN,27,081,Lincoln,1.30
1995,MN,27,083,Lyon,5.75
1995,MN,27,085,McLeod,7.38
1995,MN,27,087,Mahnomen,0.66
1995,MN,27,089,Marshall,0.99
1995,MN,27,091,Martin,45.14
1995,MN,27,093,Meeker,4.31
1995,MN,27,095,Mille Lacs,2.68
1995,MN,27,097,Morrison,9.62
1995,MN,27,099,Mower,7.30
1995,MN,27,101,Murray,2.06
1995,MN,27,103,Nicollet,6.34
1995,MN,27,105,Nobles,5.04
1995,MN,27,107,Norman,0.83
1995,MN,27,109,Olmsted,41.26
1995,MN,27,111,Otter Tail,77.46
1995,MN,27,113,Pennington,2.84
1995,MN,27,115,Pine,2.68
1995,MN,27,117,Pipestone,2.71
1995,MN,27,119,Polk,18.37
1995,MN,27,121,Pope,11.93
1995,MN,27,123,Ramsey,142.93
1995,MN,27,125,Red Lake,0.60
1995,MN,27,127,Redwood,2.80
1995,MN,27,129,Renville,2.96
1995,MN,27,131,Rice,6.88
1995,MN,27,133,Rock,3.27
1995,MN,27,135,Roseau,2.10
1995,MN,27,137,St Louis,203.62
1995,MN,27,139,Scott,9.69
1995,MN,27,141,Sherburne,86.59
1995,MN,27,143,Sibley,2.98
1995,MN,27,145,Stearns,27.66
1995,MN,27,147,Steele,3.52
1995,MN,27,149,Stevens,3.84
1995,MN,27,151,Swift,8.35
1995,MN,27,153,Todd,7.32
1995,MN,27,155,Traverse,0.63
1995,MN,27,157,Wabasha,3.81
1995,MN,27,159,Wadena,7.60
1995,MN,27,161,Waseca,2.92
1995,MN,27,163,Washington,320.91
1995,MN,27,165,Watonwan,3.05
1995,MN,27,167,Wilkin,1.24
1995,MN,27,169,Winona,11.96
1995,MN,27,171,Wright,348.16
1995,MN,27,173,Yellow Medicine,1.52
1995,MS,28,001,Adams,51.24
1995,MS,28,003,Alcorn,3.17
1995,MS,28,005,Amite,2.27
1995,MS,28,007,Attala,3.93
1995,MS,28,009,Benton,0.73
1995,MS,28,011,Bolivar,472.44
1995,MS,28,013,Calhoun,45.92
1995,MS,28,015,Carroll,6.38
1995,MS,28,017,Chickasaw,2.35
1995,MS,28,019,Choctaw,2.37
1995,MS,28,021,Claiborne,34.37
1995,MS,28,023,Clarke,2.94
1995,MS,28,025,Clay,6.59
1995,MS,28,027,Coahoma,146.37
1995,MS,28,029,Copiah,4.78
1995,MS,28,031,Covington,6.89
1995,MS,28,033,De Soto,16.69
1995,MS,28,035,Forrest,41.78
1995,MS,28,037,Franklin,1.05
1995,MS,28,039,George,1.86
1995,MS,28,041,Greene,1.43
1995,MS,28,043,Grenada,20.78
1995,MS,28,045,Hancock,6.33
1995,MS,28,047,Harrison,265.52
1995,MS,28,049,Hinds,48.34
1995,MS,28,051,Holmes,47.59
1995,MS,28,053,Humphreys,157.96
1995,MS,28,055,Issaquena,34.37
1995,MS,28,057,Itawamba,2.13
1995,MS,28,059,Jackson,68.23
1995,MS,28,061,Jasper,3.14
1995,MS,28,063,Jefferson,1.50
1995,MS,28,065,Jefferson Davis,2.03
1995,MS,28,067,Jones,16.57
1995,MS,28,069,Kemper,1.58
1995,MS,28,071,Lafayette,5.21
1995,MS,28,073,Lamar,8.65
1995,MS,28,075,Lauderdale,14.71
1995,MS,28,077,Lawrence,33.69
1995,MS,28,079,Leake,3.82
1995,MS,28,081,Lee,12.54
1995,MS,28,083,Leflore,192.86
1995,MS,28,085,Lincoln,13.29
1995,MS,28,087,Lowndes,14.86
1995,MS,28,089,Madison,12.13
1995,MS,28,091,Marion,4.21
1995,MS,28,093,Marshall,3.23
1995,MS,28,095,Monroe,18.54
1995,MS,28,097,Montgomery,1.92
1995,MS,28,099,Neshoba,3.83
1995,MS,28,101,Newton,3.70
1995,MS,28,103,Noxubee,4.08
1995,MS,28,105,Oktibbeha,8.34
1995,MS,28,107,Panola,14.79
1995,MS,28,109,Pearl River,5.75
1995,MS,28,111,Perry,20.14
1995,MS,28,113,Pike,7.21
1995,MS,28,115,Pontotoc,2.78
1995,MS,28,117,Prentiss,2.06
1995,MS,28,119,Quitman,111.82
1995,MS,28,121,Rankin,12.72
1995,MS,28,123,Scott,10.13
1995,MS,28,125,Sharkey,64.14
1995,MS,28,127,Simpson,4.00
1995,MS,28,129,Smith,5.97
1995,MS,28,131,Stone,2.34
1995,MS,28,133,Sunflower,352.82
1995,MS,28,135,Tallahatchie,107.40
1995,MS,28,137,Tate,5.68
1995,MS,28,139,Tippah,2.48
1995,MS,28,141,Tishomingo,4.39
1995,MS,28,143,Tunica,140.39
1995,MS,28,145,Union,2.95
1995,MS,28,147,Walthall,2.21
1995,MS,28,149,Warren,81.82
1995,MS,28,151,Washington,302.87
1995,MS,28,153,Wayne,2.23
1995,MS,28,155,Webster,1.38
1995,MS,28,157,Wilkinson,2.48
1995,MS,28,159,Winston,3.27
1995,MS,28,161,Yalobusha,2.73
1995,MS,28,163,Yazoo,29.89
1995,MO,29,001,Adair,3.95
1995,MO,29,003,Andrew,3.04
1995,MO,29,005,Atchison,19.03
1995,MO,29,007,Audrain,9.98
1995,MO,29,009,Barry,7.31
1995,MO,29,011,Barton,4.74
1995,MO,29,013,Bates,2.81
1995,MO,29,015,Benton,1.89
1995,MO,29,017,Bollinger,9.72
1995,MO,29,019,Boone,18.21
1995,MO,29,021,Buchanan,57.63
1995,MO,29,023,Butler,155.75
1995,MO,29,025,Caldwell,1.16
1995,MO,29,027,Callaway,26.59
1995,MO,29,029,Camden,3.71
1995,MO,29,031,Cape Girardeau,12.16
1995,MO,29,033,Carroll,2.70
1995,MO,29,035,Carter,0.65
1995,MO,29,037,Cass,6.37
1995,MO,29,039,Cedar,2.09
1995,MO,29,041,Chariton,1.69
1995,MO,29,043,Christian,4.71
1995,MO,29,045,Clark,1.69
1995,MO,29,047,Clay,25.65
1995,MO,29,049,Clinton,2.13
1995,MO,29,051,Cole,9.28
1995,MO,29,053,Cooper,2.87
1995,MO,29,055,Crawford,2.46
1995,MO,29,057,Dade,3.81
1995,MO,29,059,Dallas,2.08
1995,MO,29,061,Daviess,1.80
1995,MO,29,063,De Kalb,1.24
1995,MO,29,065,Dent,1.72
1995,MO,29,067,Douglas,2.65
1995,MO,29,069,Dunklin,45.36
1995,MO,29,071,Franklin,966.56
1995,MO,29,073,Gasconade,2.55
1995,MO,29,075,Gentry,1.26
1995,MO,29,077,Greene,175.90
1995,MO,29,079,Grundy,3.21
1995,MO,29,081,Harrison,2.18
1995,MO,29,083,Henry,358.00
1995,MO,29,085,Hickory,1.07
1995,MO,29,087,Holt,2.45
1995,MO,29,089,Howard,1.56
1995,MO,29,091,Howell,5.41
1995,MO,29,093,Iron,5.13
1995,MO,29,095,Jackson,546.72
1995,MO,29,097,Jasper,25.91
1995,MO,29,099,Jefferson,835.21
1995,MO,29,101,Johnson,5.47
1995,MO,29,103,Knox,0.75
1995,MO,29,105,Laclede,5.04
1995,MO,29,107,Lafayette,4.37
1995,MO,29,109,Lawrence,5.32
1995,MO,29,111,Lewis,1.67
1995,MO,29,113,Lincoln,3.14
1995,MO,29,115,Linn,2.32
1995,MO,29,117,Livingston,2.53
1995,MO,29,119,McDonald,5.29
1995,MO,29,121,Macon,2.82
1995,MO,29,123,Madison,1.35
1995,MO,29,125,Maries,3.29
1995,MO,29,127,Marion,7.63
1995,MO,29,129,Mercer,1.77
1995,MO,29,131,Miller,3.16
1995,MO,29,133,Mississippi,19.18
1995,MO,29,135,Moniteau,2.82
1995,MO,29,137,Monroe,3.18
1995,MO,29,139,Montgomery,2.18
1995,MO,29,141,Morgan,2.40
1995,MO,29,143,New Madrid,848.65
1995,MO,29,145,Newton,7.24
1995,MO,29,147,Nodaway,3.88
1995,MO,29,149,Oregon,4.01
1995,MO,29,151,Osage,34.78
1995,MO,29,153,Ozark,5.23
1995,MO,29,155,Pemiscot,28.24
1995,MO,29,157,Perry,2.65
1995,MO,29,159,Pettis,5.61
1995,MO,29,161,Phelps,3.90
1995,MO,29,163,Pike,9.77
1995,MO,29,165,Platte,364.85
1995,MO,29,167,Polk,4.34
1995,MO,29,169,Pulaski,7.48
1995,MO,29,171,Putnam,2.20
1995,MO,29,173,Ralls,1.76
1995,MO,29,175,Randolph,877.28
1995,MO,29,177,Ray,3.85
1995,MO,29,179,Reynolds,3.71
1995,MO,29,181,Ripley,19.18
1995,MO,29,183,St Charles,446.41
1995,MO,29,185,St Clair,1.51
1995,MO,29,186,St Genevieve,1.79
1995,MO,29,187,St Francois,306.54
1995,MO,29,189,St Louis,176.40
1995,MO,29,195,Saline,5.06
1995,MO,29,197,Schuyler,0.73
1995,MO,29,199,Scotland,0.92
1995,MO,29,201,Scott,19.54
1995,MO,29,203,Shannon,0.97
1995,MO,29,205,Shelby,2.53
1995,MO,29,207,Stoddard,153.28
1995,MO,29,209,Stone,3.83
1995,MO,29,211,Sullivan,3.10
1995,MO,29,213,Taney,9.51
1995,MO,29,215,Texas,5.37
1995,MO,29,217,Vernon,4.91
1995,MO,29,219,Warren,3.60
1995,MO,29,221,Washington,8.88
1995,MO,29,223,Wayne,1.80
1995,MO,29,225,Webster,4.21
1995,MO,29,227,Worth,0.48
1995,MO,29,229,Wright,3.79
1995,MO,29,510,St Louis City,147.80
1995,MT,30,001,Beaverhead,570.72
1995,MT,30,003,Big Horn,315.84
1995,MT,30,005,Blaine,274.18
1995,MT,30,007,Broadwater,240.96
1995,MT,30,009,Carbon,454.10
1995,MT,30,011,Carter,4.09
1995,MT,30,013,Cascade,153.21
1995,MT,30,015,Chouteau,36.47
1995,MT,30,017,Custer,74.85
1995,MT,30,019,Daniels,5.00
1995,MT,30,021,Dawson,72.44
1995,MT,30,023,Deer Lodge,47.98
1995,MT,30,025,Fallon,10.76
1995,MT,30,027,Fergus,74.66
1995,MT,30,029,Flathead,64.91
1995,MT,30,031,Gallatin,489.16
1995,MT,30,033,Garfield,12.41
1995,MT,30,035,Glacier,87.37
1995,MT,30,037,Golden Valley,85.44
1995,MT,30,039,Granite,103.54
1995,MT,30,041,Hill,18.37
1995,MT,30,043,Jefferson,148.05
1995,MT,30,045,Judith Basin,64.95
1995,MT,30,047,Lake,308.50
1995,MT,30,049,Lewis And Clark,183.44
1995,MT,30,051,Liberty,22.40
1995,MT,30,053,Lincoln,36.57
1995,MT,30,055,Mccone,14.75
1995,MT,30,057,Madison,540.37
1995,MT,30,059,Meagher,349.62
1995,MT,30,061,Mineral,8.06
1995,MT,30,063,Missoula,113.61
1995,MT,30,065,Musselshell,82.86
1995,MT,30,067,Park,332.95
1995,MT,30,069,Petroleum,56.70
1995,MT,30,071,Phillips,209.98
1995,MT,30,073,Pondera,212.06
1995,MT,30,075,Powder River,16.28
1995,MT,30,077,Powell,211.23
1995,MT,30,079,Prairie,74.44
1995,MT,30,081,Ravalli,167.00
1995,MT,30,083,Richland,316.70
1995,MT,30,085,Roosevelt,44.96
1995,MT,30,087,Rosebud,165.29
1995,MT,30,089,Sanders,76.07
1995,MT,30,091,Sheridan,5.38
1995,MT,30,093,Silver Bow,39.28
1995,MT,30,095,Stillwater,113.62
1995,MT,30,097,Sweet Grass,323.60
1995,MT,30,099,Teton,518.78
1995,MT,30,101,Toole,8.52
1995,MT,30,103,Treasure,117.16
1995,MT,30,105,Valley,153.37
1995,MT,30,107,Wheatland,184.55
1995,MT,30,109,Wibaux,2.50
1995,MT,30,111,Yellowstone,440.38
1995,MT,30,113,Yellowstone Nat'l Park,0.02
1995,NE,31,001,Adams,188.70
1995,NE,31,003,Antelope,130.02
1995,NE,31,005,Arthur,18.04
1995,NE,31,007,Banner,26.65
1995,NE,31,009,Blaine,29.54
1995,NE,31,011,Boone,87.63
1995,NE,31,013,Box Butte,171.08
1995,NE,31,015,Boyd,4.42
1995,NE,31,017,Brown,19.37
1995,NE,31,019,Buffalo,207.48
1995,NE,31,021,Burt,46.30
1995,NE,31,023,Butler,100.56
1995,NE,31,025,Cass,16.15
1995,NE,31,027,Cedar,52.87
1995,NE,31,029,Chase,180.10
1995,NE,31,031,Cherry,98.87
1995,NE,31,033,Cheyenne,66.43
1995,NE,31,035,Clay,198.28
1995,NE,31,037,Colfax,60.24
1995,NE,31,039,Cuming,43.76
1995,NE,31,041,Custer,241.18
1995,NE,31,043,Dakota,20.69
1995,NE,31,045,Dawes,43.17
1995,NE,31,047,Dawson,332.57
1995,NE,31,049,Deuel,43.06
1995,NE,31,051,Dixon,42.58
1995,NE,31,053,Dodge,100.74
1995,NE,31,055,Douglas,363.88
1995,NE,31,057,Dundy,102.75
1995,NE,31,059,Fillmore,163.16
1995,NE,31,061,Franklin,99.62
1995,NE,31,063,Frontier,76.20
1995,NE,31,065,Furnas,73.59
1995,NE,31,067,Gage,42.23
1995,NE,31,069,Garden,57.97
1995,NE,31,071,Garfield,103.29
1995,NE,31,073,Gosper,164.94
1995,NE,31,075,Grant,3.74
1995,NE,31,077,Greeley,44.53
1995,NE,31,079,Hall,169.63
1995,NE,31,081,Hamilton,224.94
1995,NE,31,083,Harlan,122.04
1995,NE,31,085,Hayes,61.45
1995,NE,31,087,Hitchcock,51.07
1995,NE,31,089,Holt,167.98
1995,NE,31,091,Hooker,6.07
1995,NE,31,093,Howard,42.27
1995,NE,31,095,Jefferson,41.22
1995,NE,31,097,Johnson,8.36
1995,NE,31,099,Kearney,167.73
1995,NE,31,101,Keith,122.74
1995,NE,31,103,Keya Paha,9.11
1995,NE,31,105,Kimball,38.73
1995,NE,31,107,Knox,51.30
1995,NE,31,109,Lancaster,20.95
1995,NE,31,111,Lincoln,1086.26
1995,NE,31,113,Logan,19.89
1995,NE,31,115,Loup,35.91
1995,NE,31,117,McPherson,8.88
1995,NE,31,119,Madison,68.69
1995,NE,31,121,Merrick,125.24
1995,NE,31,123,Morrill,115.98
1995,NE,31,125,Nance,39.31
1995,NE,31,127,Nemaha,636.86
1995,NE,31,129,Nuckolls,53.96
1995,NE,31,131,Otoe,308.27
1995,NE,31,133,Pawnee,2.43
1995,NE,31,135,Perkins,141.13
1995,NE,31,137,Phelps,337.61
1995,NE,31,139,Pierce,78.43
1995,NE,31,141,Platte,116.97
1995,NE,31,143,Polk,116.16
1995,NE,31,145,Red Willow,64.38
1995,NE,31,147,Richardson,2.55
1995,NE,31,149,Rock,25.71
1995,NE,31,151,Saline,66.33
1995,NE,31,153,Sarpy,64.84
1995,NE,31,155,Saunders,123.12
1995,NE,31,157,Scotts Bluff,371.31
1995,NE,31,159,Seward,99.37
1995,NE,31,161,Sheridan,81.47
1995,NE,31,163,Sherman,115.08
1995,NE,31,165,Sioux,29.98
1995,NE,31,167,Stanton,22.32
1995,NE,31,169,Thayer,111.47
1995,NE,31,171,Thomas,7.61
1995,NE,31,173,Thurston,7.62
1995,NE,31,175,Valley,45.73
1995,NE,31,177,Washington,445.02
1995,NE,31,179,Wayne,20.97
1995,NE,31,181,Webster,116.56
1995,NE,31,183,Wheeler,30.35
1995,NE,31,185,York,232.12
1995,NV,32,001,Churchill,160.53
1995,NV,32,003,Clark,412.70
1995,NV,32,005,Douglas,130.83
1995,NV,32,007,Elko,358.58
1995,NV,32,009,Esmeralda,46.38
1995,NV,32,011,Eureka,103.17
1995,NV,32,013,Humboldt,280.58
1995,NV,32,015,Lander,95.29
1995,NV,32,017,Lincoln,54.40
1995,NV,32,019,Lyon,194.24
1995,NV,32,021,Mineral,23.00
1995,NV,32,023,Nye,72.62
1995,NV,32,027,Pershing,86.26
1995,NV,32,029,Storey,3.17
1995,NV,32,031,Washoe,158.67
1995,NV,32,033,White Pine,105.13
1995,NV,32,510,Carson City,15.20
1995,NH,33,001,Belknap,6.72
1995,NH,33,003,Carroll,8.09
1995,NH,33,005,Cheshire,9.17
1995,NH,33,007,Coos,46.28
1995,NH,33,009,Grafton,19.39
1995,NH,33,011,Hillsborough,59.14
1995,NH,33,013,Merrimack,244.90
1995,NH,33,015,Rockingham,901.62
1995,NH,33,017,Strafford,21.74
1995,NH,33,019,Sullivan,5.59
1995,NJ,34,001,Atlantic,46.16
1995,NJ,34,003,Bergen,121.88
1995,NJ,34,005,Burlington,233.76
1995,NJ,34,007,Camden,72.57
1995,NJ,34,009,Cape May,299.70
1995,NJ,34,011,Cumberland,87.36
1995,NJ,34,013,Essex,46.44
1995,NJ,34,015,Gloucester,73.15
1995,NJ,34,017,Hudson,443.57
1995,NJ,34,019,Hunterdon,73.20
1995,NJ,34,021,Mercer,506.08
1995,NJ,34,023,Middlesex,93.70
1995,NJ,34,025,Monmouth,79.40
1995,NJ,34,027,Morris,101.57
1995,NJ,34,029,Ocean,1441.23
1995,NJ,34,031,Passaic,300.23
1995,NJ,34,033,Salem,1550.93
1995,NJ,34,035,Somerset,126.99
1995,NJ,34,037,Sussex,20.10
1995,NJ,34,039,Union,326.14
1995,NJ,34,041,Warren,68.83
1995,NM,35,001,Bernalillo,189.92
1995,NM,35,003,Catron,17.33
1995,NM,35,005,Chaves,289.55
1995,NM,35,006,Cibola,8.81
1995,NM,35,007,Colfax,47.51
1995,NM,35,009,Curry,229.89
1995,NM,35,011,De Baca,52.60
1995,NM,35,013,Dona Ana,441.44
1995,NM,35,015,Eddy,237.75
1995,NM,35,017,Grant,60.80
1995,NM,35,019,Guadalupe,19.32
1995,NM,35,021,Harding,4.11
1995,NM,35,023,Hidalgo,40.61
1995,NM,35,025,Lea,157.54
1995,NM,35,027,Lincoln,34.73
1995,NM,35,028,Los Alamos,5.32
1995,NM,35,029,Luna,131.54
1995,NM,35,031,Mckinley,18.17
1995,NM,35,033,Mora,33.33
1995,NM,35,035,Otero,46.55
1995,NM,35,037,Quay,134.29
1995,NM,35,039,Rio Arriba,85.12
1995,NM,35,041,Roosevelt,143.66
1995,NM,35,043,Sandoval,67.51
1995,NM,35,045,San Juan,344.95
1995,NM,35,047,San Miguel,30.91
1995,NM,35,049,Santa Fe,45.70
1995,NM,35,051,Sierra,42.32
1995,NM,35,053,Socorro,147.13
1995,NM,35,055,Taos,98.30
1995,NM,35,057,Torrance,42.26
1995,NM,35,059,Union,76.48
1995,NM,35,061,Valencia,179.86
1995,NY,36,001,Albany,566.60
1995,NY,36,003,Allegany,9.63
1995,NY,36,005,Bronx,197.19
1995,NY,36,007,Broome,132.74
1995,NY,36,009,Cattaraugus,16.38
1995,NY,36,011,Cayuga,17.23
1995,NY,36,013,Chautauqua,1204.28
1995,NY,36,015,Chemung,18.35
1995,NY,36,017,Chenango,9.42
1995,NY,36,019,Clinton,15.64
1995,NY,36,021,Columbia,8.75
1995,NY,36,023,Cortland,11.39
1995,NY,36,025,Delaware,490.45
1995,NY,36,027,Dutchess,39.53
1995,NY,36,029,Erie,1095.10
1995,NY,36,031,Essex,11.61
1995,NY,36,033,Franklin,10.50
1995,NY,36,035,Fulton,7.62
1995,NY,36,037,Genesee,11.29
1995,NY,36,039,Greene,10.74
1995,NY,36,041,Hamilton,1.00
1995,NY,36,043,Herkimer,16.38
1995,NY,36,045,Jefferson,30.80
1995,NY,36,047,Kings,51.23
1995,NY,36,049,Lewis,7.63
1995,NY,36,051,Livingston,13.31
1995,NY,36,053,Madison,11.61
1995,NY,36,055,Monroe,344.27
1995,NY,36,057,Montgomery,15.47
1995,NY,36,059,Nassau,545.85
1995,NY,36,061,New York,340.48
1995,NY,36,063,Niagara,434.25
1995,NY,36,065,Oneida,39.22
1995,NY,36,067,Onondaga,169.67
1995,NY,36,069,Ontario,18.18
1995,NY,36,071,Orange,1368.99
1995,NY,36,073,Orleans,4.51
1995,NY,36,075,Oswego,1171.62
1995,NY,36,077,Otsego,9.82
1995,NY,36,079,Putnam,131.27
1995,NY,36,081,Queens,2215.76
1995,NY,36,083,Rensselaer,37.91
1995,NY,36,085,Richmond,493.27
1995,NY,36,087,Rockland,1217.75
1995,NY,36,089,St Lawrence,22.23
1995,NY,36,091,Saratoga,20.72
1995,NY,36,093,Schenectady,31.14
1995,NY,36,095,Schoharie,132.40
1995,NY,36,097,Schuyler,4.61
1995,NY,36,099,Seneca,4.81
1995,NY,36,101,Steuben,65.40
1995,NY,36,103,Suffolk,1010.78
1995,NY,36,105,Sullivan,150.86
1995,NY,36,107,Tioga,9.10
1995,NY,36,109,Tompkins,260.84
1995,NY,36,111,Ulster,482.15
1995,NY,36,113,Warren,14.04
1995,NY,36,115,Washington,10.73
1995,NY,36,117,Wayne,483.50
1995,NY,36,119,Westchester,1380.38
1995,NY,36,121,Wyoming,11.32
1995,NY,36,123,Yates,112.50
1995,NC,37,001,Alamance,27.55
1995,NC,37,003,Alexander,5.02
1995,NC,37,005,Alleghany,2.89
1995,NC,37,007,Anson,13.36
1995,NC,37,009,Ashe,3.57
1995,NC,37,011,Avery,8.69
1995,NC,37,013,Beaufort,16.55
1995,NC,37,015,Bertie,8.06
1995,NC,37,017,Bladen,8.67
1995,NC,37,019,Brunswick,1565.26
1995,NC,37,021,Buncombe,37.79
1995,NC,37,023,Burke,29.00
1995,NC,37,025,Cabarrus,30.79
1995,NC,37,027,Caldwell,13.41
1995,NC,37,029,Camden,0.87
1995,NC,37,031,Carteret,8.44
1995,NC,37,033,Caswell,3.63
1995,NC,37,035,Catawba,806.01
1995,NC,37,037,Chatham,396.49
1995,NC,37,039,Cherokee,7.64
1995,NC,37,041,Chowan,3.33
1995,NC,37,043,Clay,4.74
1995,NC,37,045,Cleveland,39.33
1995,NC,37,047,Columbus,7.40
1995,NC,37,049,Craven,14.21
1995,NC,37,051,Cumberland,35.71
1995,NC,37,053,Currituck,2.24
1995,NC,37,055,Dare,6.37
1995,NC,37,057,Davidson,21.96
1995,NC,37,059,Davie,5.64
1995,NC,37,061,Duplin,29.09
1995,NC,37,063,Durham,31.37
1995,NC,37,065,Edgecombe,12.34
1995,NC,37,067,Forsyth,61.53
1995,NC,37,069,Franklin,9.07
1995,NC,37,071,Gaston,399.12
1995,NC,37,073,Gates,2.36
1995,NC,37,075,Graham,42.28
1995,NC,37,077,Granville,7.43
1995,NC,37,079,Greene,4.95
1995,NC,37,081,Guilford,95.27
1995,NC,37,083,Halifax,13.22
1995,NC,37,085,Harnett,96.91
1995,NC,37,087,Haywood,84.66
1995,NC,37,089,Henderson,14.36
1995,NC,37,091,Hertford,4.95
1995,NC,37,093,Hoke,4.53
1995,NC,37,095,Hyde,0.78
1995,NC,37,097,Iredell,23.55
1995,NC,37,099,Jackson,4.51
1995,NC,37,101,Johnston,13.52
1995,NC,37,103,Jones,5.12
1995,NC,37,105,Lee,8.56
1995,NC,37,107,Lenoir,11.53
1995,NC,37,109,Lincoln,10.59
1995,NC,37,111,McDowell,10.53
1995,NC,37,113,Macon,16.98
1995,NC,37,115,Madison,4.19
1995,NC,37,117,Martin,5.92
1995,NC,37,119,Mecklenburg,2748.99
1995,NC,37,121,Mitchell,6.57
1995,NC,37,123,Montgomery,6.79
1995,NC,37,125,Moore,26.56
1995,NC,37,127,Nash,24.04
1995,NC,37,129,New Hanover,66.57
1995,NC,37,131,Northampton,4.75
1995,NC,37,133,Onslow,14.76
1995,NC,37,135,Orange,16.02
1995,NC,37,137,Pamlico,3.00
1995,NC,37,139,Pasquotank,5.31
1995,NC,37,141,Pender,4.11
1995,NC,37,143,Perquimans,2.13
1995,NC,37,145,Person,678.29
1995,NC,37,147,Pitt,25.95
1995,NC,37,149,Polk,2.68
1995,NC,37,151,Randolph,23.68
1995,NC,37,153,Richmond,11.93
1995,NC,37,155,Robeson,37.76
1995,NC,37,157,Rockingham,68.80
1995,NC,37,159,Rowan,71.85
1995,NC,37,161,Rutherford,32.87
1995,NC,37,163,Sampson,20.59
1995,NC,37,165,Scotland,8.93
1995,NC,37,167,Stanly,13.34
1995,NC,37,169,Stokes,898.31
1995,NC,37,171,Surry,25.52
1995,NC,37,173,Swain,22.70
1995,NC,37,175,Transylvania,29.50
1995,NC,37,177,Tyrrell,0.51
1995,NC,37,179,Union,27.46
1995,NC,37,181,Vance,22.00
1995,NC,37,183,Wake,78.80
1995,NC,37,185,Warren,2.91
1995,NC,37,187,Washington,5.60
1995,NC,37,189,Watauga,6.25
1995,NC,37,191,Wayne,32.01
1995,NC,37,193,Wilkes,18.48
1995,NC,37,195,Wilson,16.82
1995,NC,37,197,Yadkin,6.30
1995,NC,37,199,Yancey,2.29
1995,ND,38,001,Adams,0.82
1995,ND,38,003,Barnes,2.32
1995,ND,38,005,Benson,2.68
1995,ND,38,007,Billings,1.44
1995,ND,38,009,Bottineau,1.87
1995,ND,38,011,Bowman,2.90
1995,ND,38,013,Burke,0.80
1995,ND,38,015,Burleigh,12.16
1995,ND,38,017,Cass,18.83
1995,ND,38,019,Cavalier,0.87
1995,ND,38,021,Dickey,7.09
1995,ND,38,023,Divide,2.34
1995,ND,38,025,Dunn,3.35
1995,ND,38,027,Eddy,1.50
1995,ND,38,029,Emmons,6.41
1995,ND,38,031,Foster,2.21
1995,ND,38,033,Golden Valley,2.99
1995,ND,38,035,Grand Forks,15.57
1995,ND,38,037,Grant,7.85
1995,ND,38,039,Griggs,1.56
1995,ND,38,041,Hettinger,0.57
1995,ND,38,043,Kidder,6.13
1995,ND,38,045,La Moure,5.13
1995,ND,38,047,Logan,2.00
1995,ND,38,049,McHenry,18.63
1995,ND,38,051,McIntosh,1.08
1995,ND,38,053,McKenzie,13.00
1995,ND,38,055,McLean,160.98
1995,ND,38,057,Mercer,277.85
1995,ND,38,059,Morton,37.54
1995,ND,38,061,Mountrail,1.53
1995,ND,38,063,Nelson,1.13
1995,ND,38,065,Oliver,434.54
1995,ND,38,067,Pembina,2.08
1995,ND,38,069,Pierce,1.68
1995,ND,38,071,Ramsey,0.57
1995,ND,38,073,Ransom,13.19
1995,ND,38,075,Renville,0.26
1995,ND,38,077,Richland,3.84
1995,ND,38,079,Rolette,2.00
1995,ND,38,081,Sargent,6.31
1995,ND,38,083,Sheridan,0.53
1995,ND,38,085,Sioux,0.87
1995,ND,38,087,Slope,0.98
1995,ND,38,089,Stark,1.70
1995,ND,38,091,Steele,0.92
1995,ND,38,093,Stutsman,6.31
1995,ND,38,095,Towner,0.72
1995,ND,38,097,Traill,1.41
1995,ND,38,099,Walsh,2.24
1995,ND,38,101,Ward,9.26
1995,ND,38,103,Wells,0.85
1995,ND,38,105,Williams,11.04
1995,OH,39,001,Adams,735.02
1995,OH,39,003,Allen,39.93
1995,OH,39,005,Ashland,6.35
1995,OH,39,007,Ashtabula,211.00
1995,OH,39,009,Athens,7.02
1995,OH,39,011,Auglaize,14.50
1995,OH,39,013,Belmont,239.64
1995,OH,39,015,Brown,3.77
1995,OH,39,017,Butler,73.85
1995,OH,39,019,Carroll,3.62
1995,OH,39,021,Champaign,5.06
1995,OH,39,023,Clark,25.38
1995,OH,39,025,Clermont,547.35
1995,OH,39,027,Clinton,2.31
1995,OH,39,029,Columbiana,14.22
1995,OH,39,031,Coshocton,238.36
1995,OH,39,033,Crawford,5.73
1995,OH,39,035,Cuyahoga,429.07
1995,OH,39,037,Darke,7.57
1995,OH,39,039,Defiance,6.29
1995,OH,39,041,Delaware,16.80
1995,OH,39,043,Erie,22.05
1995,OH,39,045,Fairfield,13.12
1995,OH,39,047,Fayette,3.52
1995,OH,39,049,Franklin,162.26
1995,OH,39,051,Fulton,5.78
1995,OH,39,053,Gallia,1285.34
1995,OH,39,055,Geauga,7.75
1995,OH,39,057,Greene,18.22
1995,OH,39,059,Guernsey,6.97
1995,OH,39,061,Hamilton,310.94
1995,OH,39,063,Hancock,18.16
1995,OH,39,065,Hardin,3.68
1995,OH,39,067,Harrison,2.16
1995,OH,39,069,Henry,9.35
1995,OH,39,071,Highland,4.29
1995,OH,39,073,Hocking,4.55
1995,OH,39,075,Holmes,5.28
1995,OH,39,077,Huron,10.88
1995,OH,39,079,Jackson,2.35
1995,OH,39,081,Jefferson,2146.82
1995,OH,39,083,Knox,7.35
1995,OH,39,085,Lake,803.89
1995,OH,39,087,Lawrence,8.74
1995,OH,39,089,Licking,18.20
1995,OH,39,091,Logan,6.15
1995,OH,39,093,Lorain,544.48
1995,OH,39,095,Lucas,753.74
1995,OH,39,097,Madison,4.10
1995,OH,39,099,Mahoning,7.93
1995,OH,39,101,Marion,9.08
1995,OH,39,103,Medina,16.82
1995,OH,39,105,Meigs,8.51
1995,OH,39,107,Mercer,6.87
1995,OH,39,109,Miami,42.12
1995,OH,39,111,Monroe,3.74
1995,OH,39,113,Montgomery,178.85
1995,OH,39,115,Morgan,3.81
1995,OH,39,117,Morrow,2.57
1995,OH,39,119,Muskingum,19.45
1995,OH,39,121,Noble,1.38
1995,OH,39,123,Ottawa,50.92
1995,OH,39,125,Paulding,3.16
1995,OH,39,127,Perry,3.50
1995,OH,39,129,Pickaway,37.36
1995,OH,39,131,Pike,4.20
1995,OH,39,133,Portage,17.14
1995,OH,39,135,Preble,4.48
1995,OH,39,137,Putnam,4.77
1995,OH,39,139,Richland,16.27
1995,OH,39,141,Ross,41.86
1995,OH,39,143,Sandusky,19.76
1995,OH,39,145,Scioto,11.73
1995,OH,39,147,Seneca,5.08
1995,OH,39,149,Shelby,13.41
1995,OH,39,151,Stark,44.54
1995,OH,39,153,Summit,82.72
1995,OH,39,155,Trumbull,231.21
1995,OH,39,157,Tuscarawas,40.09
1995,OH,39,159,Union,5.78
1995,OH,39,161,Van Wert,4.80
1995,OH,39,163,Vinton,1.23
1995,OH,39,165,Warren,21.53
1995,OH,39,167,Washington,690.47
1995,OH,39,169,Wayne,19.23
1995,OH,39,171,Williams,5.18
1995,OH,39,173,Wood,11.78
1995,OH,39,175,Wyandot,7.05
1995,OK,40,001,Adair,9.64
1995,OK,40,003,Alfalfa,4.21
1995,OK,40,005,Atoka,55.46
1995,OK,40,007,Beaver,36.17
1995,OK,40,009,Beckham,8.31
1995,OK,40,011,Blaine,5.78
1995,OK,40,013,Bryan,18.78
1995,OK,40,015,Caddo,52.00
1995,OK,40,017,Canadian,10.74
1995,OK,40,019,Carter,60.65
1995,OK,40,021,Cherokee,22.98
1995,OK,40,023,Choctaw,12.70
1995,OK,40,025,Cimarron,217.37
1995,OK,40,027,Cleveland,26.14
1995,OK,40,029,Coal,7.05
1995,OK,40,031,Comanche,21.22
1995,OK,40,033,Cotton,3.74
1995,OK,40,035,Craig,3.09
1995,OK,40,037,Creek,36.97
1995,OK,40,039,Custer,13.36
1995,OK,40,041,Delaware,5.87
1995,OK,40,043,Dewey,7.24
1995,OK,40,045,Ellis,46.71
1995,OK,40,047,Garfield,8.46
1995,OK,40,049,Garvin,12.48
1995,OK,40,051,Grady,20.28
1995,OK,40,053,Grant,4.23
1995,OK,40,055,Greer,4.66
1995,OK,40,057,Harmon,16.38
1995,OK,40,059,Harper,27.12
1995,OK,40,061,Haskell,4.14
1995,OK,40,063,Hughes,18.29
1995,OK,40,065,Jackson,46.14
1995,OK,40,067,Jefferson,8.71
1995,OK,40,069,Johnston,5.58
1995,OK,40,071,Kay,29.17
1995,OK,40,073,Kingfisher,9.67
1995,OK,40,075,Kiowa,11.54
1995,OK,40,077,Latimer,2.36
1995,OK,40,079,Le Flore,14.25
1995,OK,40,081,Lincoln,12.28
1995,OK,40,083,Logan,8.56
1995,OK,40,085,Love,2.85
1995,OK,40,087,McClain,5.50
1995,OK,40,089,McCurtain,11.30
1995,OK,40,091,McIntosh,4.95
1995,OK,40,093,Major,11.84
1995,OK,40,095,Marshall,2.53
1995,OK,40,097,Mayes,84.47
1995,OK,40,099,Murray,15.58
1995,OK,40,101,Muskogee,86.37
1995,OK,40,103,Noble,5.66
1995,OK,40,105,Nowata,6.97
1995,OK,40,107,Okfuskee,3.71
1995,OK,40,109,Oklahoma,83.46
1995,OK,40,111,Okmulgee,10.19
1995,OK,40,113,Osage,20.01
1995,OK,40,115,Ottawa,5.04
1995,OK,40,117,Pawnee,28.12
1995,OK,40,119,Payne,17.99
1995,OK,40,121,Pittsburg,10.49
1995,OK,40,123,Pontotoc,22.61
1995,OK,40,125,Pottawatomie,22.74
1995,OK,40,127,Pushmataha,2.65
1995,OK,40,129,Roger Mills,7.35
1995,OK,40,131,Rogers,79.20
1995,OK,40,133,Seminole,32.69
1995,OK,40,135,Sequoyah,14.08
1995,OK,40,137,Stephens,24.97
1995,OK,40,139,Texas,381.59
1995,OK,40,141,Tillman,7.10
1995,OK,40,143,Tulsa,19.05
1995,OK,40,145,Wagoner,20.91
1995,OK,40,147,Washington,6.46
1995,OK,40,149,Washita,7.16
1995,OK,40,151,Woods,7.59
1995,OK,40,153,Woodward,16.33
1995,OR,41,001,Baker,462.79
1995,OR,41,003,Benton,80.93
1995,OR,41,005,Clackamas,228.46
1995,OR,41,007,Clatsop,126.69
1995,OR,41,009,Columbia,99.57
1995,OR,41,011,Coos,36.61
1995,OR,41,013,Crook,226.20
1995,OR,41,015,Curry,19.79
1995,OR,41,017,Deschutes,180.80
1995,OR,41,019,Douglas,189.71
1995,OR,41,021,Gilliam,31.12
1995,OR,41,023,Grant,223.48
1995,OR,41,025,Harney,549.14
1995,OR,41,027,Hood River,117.49
1995,OR,41,029,Jackson,363.60
1995,OR,41,031,Jefferson,163.65
1995,OR,41,033,Josephine,59.59
1995,OR,41,035,Klamath,694.84
1995,OR,41,037,Lake,685.98
1995,OR,41,039,Lane,350.07
1995,OR,41,041,Lincoln,41.84
1995,OR,41,043,Linn,183.99
1995,OR,41,045,Malheur,610.19
1995,OR,41,047,Marion,265.71
1995,OR,41,049,Morrow,347.53
1995,OR,41,051,Multnomah,197.78
1995,OR,41,053,Polk,68.27
1995,OR,41,055,Sherman,21.86
1995,OR,41,057,Tillamook,85.33
1995,OR,41,059,Umatilla,378.12
1995,OR,41,061,Union,202.81
1995,OR,41,063,Wallowa,168.08
1995,OR,41,065,Wasco,130.15
1995,OR,41,067,Washington,106.86
1995,OR,41,069,Wheeler,51.33
1995,OR,41,071,Yamhill,155.63
1995,PA,42,001,Adams,26.92
1995,PA,42,003,Allegheny,904.23
1995,PA,42,005,Armstrong,144.56
1995,PA,42,007,Beaver,695.94
1995,PA,42,009,Bedford,11.97
1995,PA,42,011,Berks,85.12
1995,PA,42,013,Blair,35.66
1995,PA,42,015,Bradford,13.74
1995,PA,42,017,Bucks,94.85
1995,PA,42,019,Butler,30.91
1995,PA,42,021,Cambria,22.60
1995,PA,42,023,Cameron,0.79
1995,PA,42,025,Carbon,37.42
1995,PA,42,027,Centre,33.59
1995,PA,42,029,Chester,274.09
1995,PA,42,031,Clarion,4.51
1995,PA,42,033,Clearfield,319.71
1995,PA,42,035,Clinton,35.69
1995,PA,42,037,Columbia,9.31
1995,PA,42,039,Crawford,16.87
1995,PA,42,041,Cumberland,54.56
1995,PA,42,043,Dauphin,123.04
1995,PA,42,045,Delaware,828.21
1995,PA,42,047,Elk,17.50
1995,PA,42,049,Erie,97.15
1995,PA,42,051,Fayette,42.99
1995,PA,42,053,Forest,0.50
1995,PA,42,055,Franklin,20.80
1995,PA,42,057,Fulton,1.97
1995,PA,42,059,Greene,43.92
1995,PA,42,061,Huntingdon,9.28
1995,PA,42,063,Indiana,239.58
1995,PA,42,065,Jefferson,6.81
1995,PA,42,067,Juniata,4.15
1995,PA,42,069,Lackawanna,51.54
1995,PA,42,071,Lancaster,165.69
1995,PA,42,073,Lawrence,154.09
1995,PA,42,075,Lebanon,24.02
1995,PA,42,077,Lehigh,49.06
1995,PA,42,079,Luzerne,104.87
1995,PA,42,081,Lycoming,16.33
1995,PA,42,083,McKean,15.24
1995,PA,42,085,Mercer,85.39
1995,PA,42,087,Mifflin,15.45
1995,PA,42,089,Monroe,15.38
1995,PA,42,091,Montgomery,141.60
1995,PA,42,093,Montour,21.23
1995,PA,42,095,Northampton,471.60
1995,PA,42,097,Northumberland,30.64
1995,PA,42,099,Perry,3.90
1995,PA,42,101,Philadelphia,574.50
1995,PA,42,103,Pike,4.12
1995,PA,42,105,Potter,4.12
1995,PA,42,107,Schuylkill,55.48
1995,PA,42,109,Snyder,299.31
1995,PA,42,111,Somerset,40.14
1995,PA,42,113,Sullivan,3.40
1995,PA,42,115,Susquehanna,5.50
1995,PA,42,117,Tioga,6.15
1995,PA,42,119,Union,7.47
1995,PA,42,121,Venango,12.91
1995,PA,42,123,Warren,72.21
1995,PA,42,125,Washington,451.63
1995,PA,42,127,Wayne,5.44
1995,PA,42,129,Westmoreland,119.99
1995,PA,42,131,Wyoming,17.59
1995,PA,42,133,York,2350.00
1995,PR,72,001,Adjuntas,1.92
1995,PR,72,003,Aguada,0.63
1995,PR,72,005,Aguadilla,14.75
1995,PR,72,007,Aguas Buenas,2.13
1995,PR,72,009,Aibonito,3.49
1995,PR,72,011,Anasco,0.51
1995,PR,72,013,Arecibo,18.27
1995,PR,72,015,Arroyo,1.03
1995,PR,72,017,Barceloneta,6.45
1995,PR,72,019,Barranquitas,1.73
1995,PR,72,021,Bayamon,0.85
1995,PR,72,023,Cabo Rojo,4.32
1995,PR,72,025,Caguas,7.80
1995,PR,72,027,Camuy,2.04
1995,PR,72,029,Canovanas,6.11
1995,PR,72,031,Carolina,0.15
1995,PR,72,033,Catano,0.12
1995,PR,72,035,Cayey,5.34
1995,PR,72,037,Ceiba,1.57
1995,PR,72,039,Ciales,1.89
1995,PR,72,041,Cidra,3.26
1995,PR,72,043,Coamo,2.01
1995,PR,72,045,Comerio,1.26
1995,PR,72,047,Corozal,3.57
1995,PR,72,049,Culebra,0.14
1995,PR,72,051,Dorado,8.41
1995,PR,72,053,Fajardo,6.73
1995,PR,72,054,Florida,1.63
1995,PR,72,055,Guanica,4.74
1995,PR,72,057,Guayama,15.02
1995,PR,72,059,Guayanilla,742.45
1995,PR,72,061,Guaynabo,547.27
1995,PR,72,063,Gurabo,1.74
1995,PR,72,065,Hatillo,6.02
1995,PR,72,067,Hormigueros,0.64
1995,PR,72,069,Humacao,3.07
1995,PR,72,071,Isabela,4.00
1995,PR,72,073,Jayuya,1.45
1995,PR,72,075,Juana Diaz,8.71
1995,PR,72,077,Juncos,4.64
1995,PR,72,079,Lajas,3.39
1995,PR,72,081,Lares,1.77
1995,PR,72,083,Las Marias,0.95
1995,PR,72,085,Las Piedras,0.87
1995,PR,72,087,Loiza,0.03
1995,PR,72,089,Luquillo,1.91
1995,PR,72,091,Manati,10.33
1995,PR,72,093,Maricao,1.46
1995,PR,72,095,Maunabo,1.07
1995,PR,72,097,Mayaguez,17.92
1995,PR,72,099,Moca,1.24
1995,PR,72,101,Morovis,3.86
1995,PR,72,103,Naguabo,12.38
1995,PR,72,105,Naranjito,2.24
1995,PR,72,107,Orocovis,2.25
1995,PR,72,109,Patillas,17.01
1995,PR,72,111,Penuelas,2.72
1995,PR,72,113,Ponce,32.31
1995,PR,72,115,Quebradillas,27.66
1995,PR,72,117,Rincon,1.02
1995,PR,72,119,Rio Grande,15.93
1995,PR,72,121,Sabana Grand,2.54
1995,PR,72,123,Salinas,488.73
1995,PR,72,125,San German,3.21
1995,PR,72,127,San Juan,1.17
1995,PR,72,129,San Lorenzo,3.77
1995,PR,72,131,San Sebastia,4.12
1995,PR,72,133,Santa Isabel,14.19
1995,PR,72,135,Toa Alta,42.66
1995,PR,72,137,Toa Baja,523.10
1995,PR,72,139,Trujillo Alt,89.30
1995,PR,72,141,Utuado,3.07
1995,PR,72,143,Vega Alta,2.09
1995,PR,72,145,Vega Baja,10.31
1995,PR,72,147,Vieques,0.04
1995,PR,72,149,Villalba,18.83
1995,PR,72,151,Yabucoa,8.98
1995,PR,72,153,Yauco,16.42
1995,RI,44,001,Bristol,5.36
1995,RI,44,003,Kent,7.44
1995,RI,44,005,Newport,11.09
1995,RI,44,007,Providence,365.76
1995,RI,44,009,Washington,21.05
1995,SC,45,001,Abbeville,4.44
1995,SC,45,003,Aiken,303.12
1995,SC,45,005,Allendale,10.95
1995,SC,45,007,Anderson,81.72
1995,SC,45,009,Bamberg,2.61
1995,SC,45,011,Barnwell,3.63
1995,SC,45,013,Beaufort,29.83
1995,SC,45,015,Berkeley,490.74
1995,SC,45,017,Calhoun,125.43
1995,SC,45,019,Charleston,147.66
1995,SC,45,021,Cherokee,8.82
1995,SC,45,023,Chester,3.78
1995,SC,45,025,Chesterfield,9.62
1995,SC,45,027,Clarendon,3.93
1995,SC,45,029,Colleton,8.33
1995,SC,45,031,Darlington,37.65
1995,SC,45,033,Dillon,5.35
1995,SC,45,035,Dorchester,6.71
1995,SC,45,037,Edgefield,3.33
1995,SC,45,039,Fairfield,860.79
1995,SC,45,041,Florence,50.01
1995,SC,45,043,Georgetown,45.85
1995,SC,45,045,Greenville,176.92
1995,SC,45,047,Greenwood,12.75
1995,SC,45,049,Hampton,4.05
1995,SC,45,051,Horry,94.07
1995,SC,45,053,Jasper,2.04
1995,SC,45,055,Kershaw,19.41
1995,SC,45,057,Lancaster,18.59
1995,SC,45,059,Laurens,6.56
1995,SC,45,061,Lee,3.38
1995,SC,45,063,Lexington,188.82
1995,SC,45,065,McCormick,2.94
1995,SC,45,067,Marion,11.60
1995,SC,45,069,Marlboro,10.20
1995,SC,45,071,Newberry,6.26
1995,SC,45,073,Oconee,2533.55
1995,SC,45,075,Orangeburg,24.94
1995,SC,45,077,Pickens,17.86
1995,SC,45,079,Richland,494.96
1995,SC,45,081,Saluda,4.04
1995,SC,45,083,Spartanburg,65.64
1995,SC,45,085,Sumter,32.11
1995,SC,45,087,Union,7.24
1995,SC,45,089,Williamsburg,4.61
1995,SC,45,091,York,216.06
1995,SD,46,003,Aurora,0.78
1995,SD,46,005,Beadle,9.32
1995,SD,46,007,Bennett,7.07
1995,SD,46,009,Bon Homme,4.39
1995,SD,46,011,Brookings,6.65
1995,SD,46,013,Brown,8.44
1995,SD,46,015,Brule,3.99
1995,SD,46,017,Buffalo,3.21
1995,SD,46,019,Butte,88.63
1995,SD,46,021,Campbell,2.72
1995,SD,46,023,Charles Mix,10.64
1995,SD,46,025,Clark,2.86
1995,SD,46,027,Clay,4.51
1995,SD,46,029,Codington,11.10
1995,SD,46,031,Corson,2.00
1995,SD,46,033,Custer,4.20
1995,SD,46,035,Davison,4.00
1995,SD,46,037,Day,1.23
1995,SD,46,039,Deuel,1.13
1995,SD,46,041,Dewey,1.79
1995,SD,46,043,Douglas,1.65
1995,SD,46,045,Edmunds,1.70
1995,SD,46,047,Fall River,37.56
1995,SD,46,049,Faulk,0.72
1995,SD,46,051,Grant,5.61
1995,SD,46,053,Gregory,2.11
1995,SD,46,055,Haakon,2.12
1995,SD,46,057,Hamlin,2.70
1995,SD,46,059,Hand,1.71
1995,SD,46,061,Hanson,0.88
1995,SD,46,063,Harding,1.18
1995,SD,46,065,Hughes,21.67
1995,SD,46,067,Hutchinson,2.66
1995,SD,46,069,Hyde,1.38
1995,SD,46,071,Jackson,1.98
1995,SD,46,073,Jerauld,1.20
1995,SD,46,075,Jones,0.99
1995,SD,46,077,Kingsbury,3.24
1995,SD,46,079,Lake,3.39
1995,SD,46,081,Lawrence,14.83
1995,SD,46,083,Lincoln,2.79
1995,SD,46,085,Lyman,5.04
1995,SD,46,087,McCook,1.50
1995,SD,46,089,McPherson,1.89
1995,SD,46,091,Marshall,1.60
1995,SD,46,093,Meade,5.20
1995,SD,46,095,Mellette,1.09
1995,SD,46,097,Miner,0.71
1995,SD,46,099,Minnehaha,24.86
1995,SD,46,101,Moody,2.16
1995,SD,46,103,Pennington,30.15
1995,SD,46,105,Perkins,1.50
1995,SD,46,107,Potter,3.80
1995,SD,46,109,Roberts,1.62
1995,SD,46,111,Sanborn,0.79
1995,SD,46,113,Shannon,1.15
1995,SD,46,115,Spink,8.46
1995,SD,46,117,Stanley,2.50
1995,SD,46,119,Sully,12.88
1995,SD,46,121,Todd,8.34
1995,SD,46,123,Tripp,5.12
1995,SD,46,125,Turner,15.11
1995,SD,46,127,Union,16.03
1995,SD,46,129,Walworth,6.46
1995,SD,46,135,Yankton,10.52
1995,SD,46,137,Ziebach,0.81
1995,TN,47,001,Anderson,507.73
1995,TN,47,003,Bedford,6.53
1995,TN,47,005,Benton,4.20
1995,TN,47,007,Bledsoe,1.65
1995,TN,47,009,Blount,14.08
1995,TN,47,011,Bradley,18.72
1995,TN,47,013,Campbell,4.09
1995,TN,47,015,Cannon,1.29
1995,TN,47,017,Carroll,4.98
1995,TN,47,019,Carter,19.77
1995,TN,47,021,Cheatham,2.43
1995,TN,47,023,Chester,1.58
1995,TN,47,025,Claiborne,2.61
1995,TN,47,027,Clay,1.56
1995,TN,47,029,Cocke,7.37
1995,TN,47,031,Coffee,5.55
1995,TN,47,033,Crockett,3.38
1995,TN,47,035,Cumberland,7.60
1995,TN,47,037,Davidson,148.38
1995,TN,47,039,Decatur,6.86
1995,TN,47,041,De Kalb,1.59
1995,TN,47,043,Dickson,4.41
1995,TN,47,045,Dyer,7.12
1995,TN,47,047,Fayette,5.92
1995,TN,47,049,Fentress,19.92
1995,TN,47,051,Franklin,4.80
1995,TN,47,053,Gibson,8.30
1995,TN,47,055,Giles,4.83
1995,TN,47,057,Grainger,1.73
1995,TN,47,059,Greene,10.36
1995,TN,47,061,Grundy,1.82
1995,TN,47,063,Hamblen,8.25
1995,TN,47,065,Hamilton,1533.32
1995,TN,47,067,Hancock,0.58
1995,TN,47,069,Hardeman,3.15
1995,TN,47,071,Hardin,28.76
1995,TN,47,073,Hawkins,552.69
1995,TN,47,075,Haywood,2.90
1995,TN,47,077,Henderson,3.02
1995,TN,47,079,Henry,4.23
1995,TN,47,081,Hickman,3.33
1995,TN,47,083,Houston,1.31
1995,TN,47,085,Humphreys,1220.57
1995,TN,47,087,Jackson,1.32
1995,TN,47,089,Jefferson,7.43
1995,TN,47,091,Johnson,2.74
1995,TN,47,093,Knox,63.25
1995,TN,47,095,Lake,2.14
1995,TN,47,097,Lauderdale,4.96
1995,TN,47,099,Lawrence,6.07
1995,TN,47,101,Lewis,1.59
1995,TN,47,103,Lincoln,4.54
1995,TN,47,105,Loudon,16.56
1995,TN,47,107,McMinn,85.36
1995,TN,47,109,McNairy,4.26
1995,TN,47,111,Macon,1.76
1995,TN,47,113,Madison,18.62
1995,TN,47,115,Marion,3.12
1995,TN,47,117,Marshall,3.47
1995,TN,47,119,Maury,18.84
1995,TN,47,121,Meigs,1.40
1995,TN,47,123,Monroe,4.87
1995,TN,47,125,Montgomery,25.04
1995,TN,47,127,Moore,0.82
1995,TN,47,129,Morgan,1.35
1995,TN,47,131,Obion,6.00
1995,TN,47,133,Overton,1.19
1995,TN,47,135,Perry,1.06
1995,TN,47,137,Pickett,0.60
1995,TN,47,139,Polk,33.33
1995,TN,47,141,Putnam,10.94
1995,TN,47,143,Rhea,4.10
1995,TN,47,145,Roane,1254.34
1995,TN,47,147,Robertson,5.84
1995,TN,47,149,Rutherford,24.52
1995,TN,47,151,Scott,2.46
1995,TN,47,153,Sequatchie,1.02
1995,TN,47,155,Sevier,9.59
1995,TN,47,157,Shelby,638.13
1995,TN,47,159,Smith,3.18
1995,TN,47,161,Stewart,2196.73
1995,TN,47,163,Sullivan,543.81
1995,TN,47,165,Sumner,791.75
1995,TN,47,167,Tipton,5.58
1995,TN,47,169,Trousdale,0.79
1995,TN,47,171,Unicoi,2.29
1995,TN,47,173,Union,2.59
1995,TN,47,175,Van Buren,0.63
1995,TN,47,177,Warren,5.99
1995,TN,47,179,Washington,21.60
1995,TN,47,181,Wayne,4.51
1995,TN,47,183,Weakley,3.56
1995,TN,47,185,White,3.20
1995,TN,47,187,Williamson,4.50
1995,TN,47,189,Wilson,9.58
1995,TX,48,001,Anderson,12.53
1995,TX,48,003,Andrews,48.70
1995,TX,48,005,Angelina,41.44
1995,TX,48,007,Aransas,1.05
1995,TX,48,009,Archer,23.80
1995,TX,48,011,Armstrong,10.57
1995,TX,48,013,Atascosa,55.61
1995,TX,48,015,Austin,12.58
1995,TX,48,017,Bailey,173.09
1995,TX,48,019,Bandera,2.35
1995,TX,48,021,Bastrop,11.65
1995,TX,48,023,Baylor,3.80
1995,TX,48,025,Bee,4.31
1995,TX,48,027,Bell,47.99
1995,TX,48,029,Bexar,837.67
1995,TX,48,031,Blanco,1.82
1995,TX,48,033,Borden,5.57
1995,TX,48,035,Bosque,5.87
1995,TX,48,037,Bowie,57.76
1995,TX,48,039,Brazoria,1094.55
1995,TX,48,041,Brazos,37.94
1995,TX,48,043,Brewster,3.72
1995,TX,48,045,Briscoe,26.91
1995,TX,48,047,Brooks,2.49
1995,TX,48,049,Brown,19.30
1995,TX,48,051,Burleson,16.52
1995,TX,48,053,Burnet,134.15
1995,TX,48,055,Caldwell,6.78
1995,TX,48,057,Calhoun,240.95
1995,TX,48,059,Callahan,3.74
1995,TX,48,061,Cameron,456.51
1995,TX,48,063,Camp,3.19
1995,TX,48,065,Carson,72.36
1995,TX,48,067,Cass,80.39
1995,TX,48,069,Castro,400.58
1995,TX,48,071,Chambers,1228.14
1995,TX,48,073,Cherokee,347.39
1995,TX,48,075,Childress,6.61
1995,TX,48,077,Clay,17.30
1995,TX,48,079,Cochran,58.63
1995,TX,48,081,Coke,32.87
1995,TX,48,083,Coleman,4.12
1995,TX,48,085,Collin,339.08
1995,TX,48,087,Collingsworth,28.07
1995,TX,48,089,Colorado,231.16
1995,TX,48,091,Comal,28.19
1995,TX,48,093,Comanche,46.24
1995,TX,48,095,Concho,7.89
1995,TX,48,097,Cooke,9.69
1995,TX,48,099,Coryell,1.92
1995,TX,48,101,Cottle,2.84
1995,TX,48,103,Crane,15.49
1995,TX,48,105,Crockett,7.65
1995,TX,48,107,Crosby,91.97
1995,TX,48,109,Culberson,8.14
1995,TX,48,111,Dallam,329.19
1995,TX,48,113,Dallas,728.65
1995,TX,48,115,Dawson,50.23
1995,TX,48,117,Deaf Smith,278.55
1995,TX,48,119,Delta,0.76
1995,TX,48,121,Denton,165.99
1995,TX,48,123,De Witt,5.47
1995,TX,48,125,Dickens,5.52
1995,TX,48,127,Dimmit,14.46
1995,TX,48,129,Donley,15.46
1995,TX,48,131,Duval,22.60
1995,TX,48,133,Eastland,15.91
1995,TX,48,135,Ector,40.06
1995,TX,48,137,Edwards,1.04
1995,TX,48,139,Ellis,15.78
1995,TX,48,141,El Paso,392.62
1995,TX,48,143,Erath,25.11
1995,TX,48,145,Falls,8.82
1995,TX,48,147,Fannin,477.49
1995,TX,48,149,Fayette,23.94
1995,TX,48,151,Fisher,3.97
1995,TX,48,153,Floyd,226.26
1995,TX,48,155,Foard,4.97
1995,TX,48,157,Fort Bend,216.86
1995,TX,48,159,Franklin,5.08
1995,TX,48,161,Freestone,868.19
1995,TX,48,163,Frio,102.25
1995,TX,48,165,Gaines,579.42
1995,TX,48,167,Galveston,587.43
1995,TX,48,169,Garza,10.30
1995,TX,48,171,Gillespie,7.33
1995,TX,48,173,Glasscock,56.15
1995,TX,48,175,Goliad,8.43
1995,TX,48,177,Gonzales,9.52
1995,TX,48,179,Gray,26.97
1995,TX,48,181,Grayson,28.69
1995,TX,48,183,Gregg,42.24
1995,TX,48,185,Grimes,9.53
1995,TX,48,187,Guadalupe,10.48
1995,TX,48,189,Hale,354.95
1995,TX,48,191,Hall,11.56
1995,TX,48,193,Hamilton,3.32
1995,TX,48,195,Hansford,167.09
1995,TX,48,197,Hardeman,12.56
1995,TX,48,199,Hardin,185.58
1995,TX,48,201,Harris,894.91
1995,TX,48,203,Harrison,81.64
1995,TX,48,205,Hartley,211.61
1995,TX,48,207,Haskell,98.12
1995,TX,48,209,Hays,17.26
1995,TX,48,211,Hemphill,3.97
1995,TX,48,213,Henderson,126.48
1995,TX,48,215,Hidalgo,932.37
1995,TX,48,217,Hill,5.65
1995,TX,48,219,Hockley,176.15
1995,TX,48,221,Hood,3333.38
1995,TX,48,223,Hopkins,12.86
1995,TX,48,225,Houston,6.19
1995,TX,48,227,Howard,13.76
1995,TX,48,229,Hudspeth,157.51
1995,TX,48,231,Hunt,97.20
1995,TX,48,233,Hutchinson,146.81
1995,TX,48,235,Irion,5.54
1995,TX,48,237,Jack,3.27
1995,TX,48,239,Jackson,88.39
1995,TX,48,241,Jasper,57.42
1995,TX,48,243,Jeff Davis,1.18
1995,TX,48,245,Jefferson,172.46
1995,TX,48,247,Jim Hogg,1.79
1995,TX,48,249,Jim Wells,5.08
1995,TX,48,251,Johnson,13.26
1995,TX,48,253,Jones,286.75
1995,TX,48,255,Karnes,4.93
1995,TX,48,257,Kaufman,6.79
1995,TX,48,259,Kendall,4.35
1995,TX,48,261,Kenedy,1.04
1995,TX,48,263,Kent,10.07
1995,TX,48,265,Kerr,7.71
1995,TX,48,267,Kimble,2.99
1995,TX,48,269,King,4.28
1995,TX,48,271,Kinney,8.53
1995,TX,48,273,Kleberg,7.84
1995,TX,48,275,Knox,26.72
1995,TX,48,277,Lamar,22.32
1995,TX,48,279,Lamb,293.52
1995,TX,48,281,Lampasas,1.71
1995,TX,48,283,La Salle,7.31
1995,TX,48,285,Lavaca,16.53
1995,TX,48,287,Lee,10.37
1995,TX,48,289,Leon,9.01
1995,TX,48,291,Liberty,613.35
1995,TX,48,293,Limestone,23.81
1995,TX,48,295,Lipscomb,17.82
1995,TX,48,297,Live Oak,9.67
1995,TX,48,299,Llano,4.72
1995,TX,48,301,Loving,1.71
1995,TX,48,303,Lubbock,219.36
1995,TX,48,305,Lynn,51.11
1995,TX,48,307,McCulloch,6.49
1995,TX,48,309,McLennan,57.35
1995,TX,48,311,McMullen,2.49
1995,TX,48,313,Madison,3.18
1995,TX,48,315,Marion,5.28
1995,TX,48,317,Martin,14.19
1995,TX,48,319,Mason,12.71
1995,TX,48,321,Matagorda,124.24
1995,TX,48,323,Maverick,134.67
1995,TX,48,325,Medina,50.17
1995,TX,48,327,Menard,6.38
1995,TX,48,329,Midland,59.52
1995,TX,48,331,Milam,50.30
1995,TX,48,333,Mills,3.90
1995,TX,48,335,Mitchell,7.48
1995,TX,48,337,Montague,5.93
1995,TX,48,339,Montgomery,38.64
1995,TX,48,341,Moore,312.10
1995,TX,48,343,Morris,85.89
1995,TX,48,345,Motley,6.05
1995,TX,48,347,Nacogdoches,13.94
1995,TX,48,349,Navarro,8.91
1995,TX,48,351,Newton,5.00
1995,TX,48,353,Nolan,5.70
1995,TX,48,355,Nueces,925.58
1995,TX,48,357,Ochiltree,85.72
1995,TX,48,359,Oldham,6.57
1995,TX,48,361,Orange,1190.73
1995,TX,48,363,Palo Pinto,462.06
1995,TX,48,365,Panola,11.69
1995,TX,48,367,Parker,18.86
1995,TX,48,369,Parmer,342.26
1995,TX,48,371,Pecos,86.47
1995,TX,48,373,Polk,9.36
1995,TX,48,375,Potter,28.51
1995,TX,48,377,Presidio,22.10
1995,TX,48,379,Rains,1.39
1995,TX,48,381,Randall,54.52
1995,TX,48,383,Reagan,34.30
1995,TX,48,385,Real,1.04
1995,TX,48,387,Red River,5.04
1995,TX,48,389,Reeves,98.18
1995,TX,48,391,Refugio,6.01
1995,TX,48,393,Roberts,5.85
1995,TX,48,395,Robertson,23.60
1995,TX,48,397,Rockwall,0.18
1995,TX,48,399,Runnels,6.90
1995,TX,48,401,Rusk,28.41
1995,TX,48,403,Sabine,2.34
1995,TX,48,405,San Augustine,2.13
1995,TX,48,407,San Jacinto,2.35
1995,TX,48,409,San Patricio,12.38
1995,TX,48,411,San Saba,5.28
1995,TX,48,413,Schleicher,3.30
1995,TX,48,415,Scurry,25.52
1995,TX,48,417,Shackelford,2.41
1995,TX,48,419,Shelby,6.39
1995,TX,48,421,Sherman,244.27
1995,TX,48,423,Smith,39.31
1995,TX,48,425,Somervell,5.97
1995,TX,48,427,Starr,50.00
1995,TX,48,429,Stephens,9.70
1995,TX,48,431,Sterling,3.24
1995,TX,48,433,Stonewall,3.85
1995,TX,48,435,Sutton,3.18
1995,TX,48,437,Swisher,181.33
1995,TX,48,439,Tarrant,175.74
1995,TX,48,441,Taylor,25.70
1995,TX,48,443,Terrell,1.07
1995,TX,48,445,Terry,155.23
1995,TX,48,447,Throckmorton,2.28
1995,TX,48,449,Titus,1420.88
1995,TX,48,451,Tom Green,257.92
1995,TX,48,453,Travis,590.48
1995,TX,48,455,Trinity,1.91
1995,TX,48,457,Tyler,3.10
1995,TX,48,459,Upshur,6.89
1995,TX,48,461,Upton,29.22
1995,TX,48,463,Uvalde,60.82
1995,TX,48,465,Val Verde,12.37
1995,TX,48,467,Van Zandt,9.67
1995,TX,48,469,Victoria,48.27
1995,TX,48,471,Walker,5.22
1995,TX,48,473,Waller,24.45
1995,TX,48,475,Ward,40.15
1995,TX,48,477,Washington,6.54
1995,TX,48,479,Webb,43.11
1995,TX,48,481,Wharton,273.45
1995,TX,48,483,Wheeler,6.17
1995,TX,48,485,Wichita,30.83
1995,TX,48,487,Wilbarger,28.57
1995,TX,48,489,Willacy,0.67
1995,TX,48,491,Williamson,25.95
1995,TX,48,493,Wilson,17.12
1995,TX,48,495,Winkler,7.42
1995,TX,48,497,Wise,21.77
1995,TX,48,499,Wood,15.52
1995,TX,48,501,Yoakum,127.48
1995,TX,48,503,Young,9.46
1995,TX,48,505,Zapata,5.87
1995,TX,48,507,Zavala,71.11
1995,UT,49,001,Beaver,136.05
1995,UT,49,003,Box Elder,370.90
1995,UT,49,005,Cache,292.87
1995,UT,49,007,Carbon,71.95
1995,UT,49,009,Daggett,15.35
1995,UT,49,011,Davis,159.18
1995,UT,49,013,Duchesne,171.50
1995,UT,49,015,Emery,152.62
1995,UT,49,017,Garfield,70.92
1995,UT,49,019,Grand,10.30
1995,UT,49,021,Iron,154.11
1995,UT,49,023,Juab,110.55
1995,UT,49,025,Kane,10.03
1995,UT,49,027,Millard,284.51
1995,UT,49,029,Morgan,106.97
1995,UT,49,031,Piute,71.56
1995,UT,49,033,Rich,152.79
1995,UT,49,035,Salt Lake,386.06
1995,UT,49,037,San Juan,42.06
1995,UT,49,039,Sanpete,149.23
1995,UT,49,041,Sevier,209.38
1995,UT,49,043,Summit,90.93
1995,UT,49,045,Tooele,210.60
1995,UT,49,047,Uintah,195.45
1995,UT,49,049,Utah,298.82
1995,UT,49,051,Wasatch,96.50
1995,UT,49,053,Washington,84.16
1995,UT,49,055,Wayne,58.32
1995,UT,49,057,Weber,294.84
1995,VT,50,001,Addison,6.72
1995,VT,50,003,Bennington,8.16
1995,VT,50,005,Caledonia,6.58
1995,VT,50,007,Chittenden,20.08
1995,VT,50,009,Essex,2.45
1995,VT,50,011,Franklin,7.66
1995,VT,50,013,Grand Isle,7.04
1995,VT,50,015,Lamoille,4.22
1995,VT,50,017,Orange,3.18
1995,VT,50,019,Orleans,4.63
1995,VT,50,021,Rutland,15.81
1995,VT,50,023,Washington,7.87
1995,VT,50,025,Windham,460.33
1995,VT,50,027,Windsor,10.55
1995,VA,51,001,Accomack,8.85
1995,VA,51,003,Albemarle,16.45
1995,VA,51,005,Alleghany,57.08
1995,VA,51,007,Amelia,2.31
1995,VA,51,009,Amherst,18.18
1995,VA,51,011,Appomattox,1.85
1995,VA,51,013,Arlington,0.14
1995,VA,51,015,Augusta,17.46
1995,VA,51,017,Bath,2.10
1995,VA,51,019,Bedford,16.96
1995,VA,51,021,Bland,1.15
1995,VA,51,023,Botetourt,18.44
1995,VA,51,025,Brunswick,3.97
1995,VA,51,027,Buchanan,3.58
1995,VA,51,029,Buckingham,2.25
1995,VA,51,031,Campbell,11.29
1995,VA,51,033,Caroline,3.07
1995,VA,51,035,Carroll,3.53
1995,VA,51,036,Charles City,1.66
1995,VA,51,037,Charlotte,1.93
1995,VA,51,041,Chesterfield,1007.84
1995,VA,51,043,Clarke,1.95
1995,VA,51,045,Craig,0.55
1995,VA,51,047,Culpeper,3.82
1995,VA,51,049,Cumberland,0.91
1995,VA,51,051,Dickenson,3.26
1995,VA,51,053,Dinwiddie,4.15
1995,VA,51,057,Essex,1.07
1995,VA,51,059,Fairfax,76.65
1995,VA,51,061,Fauquier,6.62
1995,VA,51,063,Floyd,1.62
1995,VA,51,065,Fluvanna,117.60
1995,VA,51,067,Franklin,5.69
1995,VA,51,069,Frederick,5.54
1995,VA,51,071,Giles,309.32
1995,VA,51,073,Gloucester,2.77
1995,VA,51,075,Goochland,2.93
1995,VA,51,077,Grayson,2.07
1995,VA,51,079,Greene,1.60
1995,VA,51,081,Greensville,3.39
1995,VA,51,083,Halifax,7.13
1995,VA,51,085,Hanover,26.35
1995,VA,51,087,Henrico,7.99
1995,VA,51,089,Henry,41.60
1995,VA,51,091,Highland,5.90
1995,VA,51,093,Isle Of Wight,56.34
1995,VA,51,095,James City,33.00
1995,VA,51,097,King And Queen,0.66
1995,VA,51,099,King George,3.73
1995,VA,51,101,King William,22.37
1995,VA,51,103,Lancaster,2.33
1995,VA,51,105,Lee,3.75
1995,VA,51,107,Loudoun,18.23
1995,VA,51,109,Louisa,2077.53
1995,VA,51,111,Lunenburg,1.80
1995,VA,51,113,Madison,1.78
1995,VA,51,115,Mathews,0.77
1995,VA,51,117,Mecklenburg,10.66
1995,VA,51,119,Middlesex,1.05
1995,VA,51,121,Montgomery,24.59
1995,VA,51,125,Nelson,2.81
1995,VA,51,127,New Kent,40.08
1995,VA,51,131,Northampton,6.35
1995,VA,51,133,Northumberland,1.21
1995,VA,51,135,Nottoway,3.22
1995,VA,51,137,Orange,3.41
1995,VA,51,139,Page,4.58
1995,VA,51,141,Patrick,2.38
1995,VA,51,143,Pittsylvania,10.55
1995,VA,51,145,Powhatan,1.74
1995,VA,51,147,Prince Edward,2.75
1995,VA,51,149,Prince George,22.07
1995,VA,51,153,Prince William,330.12
1995,VA,51,155,Pulaski,8.69
1995,VA,51,157,Rappahannock,0.93
1995,VA,51,159,Richmond,2.05
1995,VA,51,161,Roanoke,8.07
1995,VA,51,163,Rockbridge,7.17
1995,VA,51,165,Rockingham,29.05
1995,VA,51,167,Russell,15.69
1995,VA,51,169,Scott,2.69
1995,VA,51,171,Shenandoah,6.92
1995,VA,51,173,Smyth,5.74
1995,VA,51,175,Southampton,25.37
1995,VA,51,177,Spotsylvania,7.98
1995,VA,51,179,Stafford,10.76
1995,VA,51,181,Surry,1757.60
1995,VA,51,183,Sussex,1.63
1995,VA,51,185,Tazewell,6.78
1995,VA,51,187,Warren,8.31
1995,VA,51,191,Washington,12.50
1995,VA,51,193,Westmoreland,2.58
1995,VA,51,195,Wise,8.30
1995,VA,51,197,Wythe,4.96
1995,VA,51,199,York,515.26
1995,VA,51,510,Alexandria,282.13
1995,VA,51,515,Bedford,0.00
1995,VA,51,520,Bristol,0.00
1995,VA,51,530,Buena Vista,0.36
1995,VA,51,540,Charlottesvile,0.00
1995,VA,51,550,Chesapeake,556.34
1995,VA,51,560,Clifton Forge,0.00
1995,VA,51,570,Colonial Heights,0.00
1995,VA,51,580,Covington,3.44
1995,VA,51,590,Danville,18.92
1995,VA,51,595,Emporia,1.38
1995,VA,51,600,Fairfax,0.07
1995,VA,51,610,Falls Church,0.00
1995,VA,51,620,Franklin,1.21
1995,VA,51,630,Fredericksburg,4.18
1995,VA,51,640,Galax,2.58
1995,VA,51,650,Hampton,1.64
1995,VA,51,660,Harrisonburg,0.00
1995,VA,51,670,Hopewell,156.04
1995,VA,51,678,Lexington,0.00
1995,VA,51,680,Lynchburg,1.35
1995,VA,51,683,Manassas City,0.11
1995,VA,51,685,Manassas Park City,0.41
1995,VA,51,690,Martinsville,0.09
1995,VA,51,700,Newport News,37.27
1995,VA,51,710,Norfolk,13.58
1995,VA,51,720,Norton,0.91
1995,VA,51,730,Petersburg,0.05
1995,VA,51,735,Poquoson,0.00
1995,VA,51,740,Portsmouth,2.47
1995,VA,51,750,Radford,3.12
1995,VA,51,760,Richmond,70.39
1995,VA,51,770,Roanoke,9.18
1995,VA,51,775,Salem,3.36
1995,VA,51,780,South Boston,1.88
1995,VA,51,790,Staunton,0.00
1995,VA,51,800,Suffolk,88.90
1995,VA,51,810,Virginia Beach,8.18
1995,VA,51,820,Waynesboro,11.51
1995,VA,51,830,Williamsburg,1.58
1995,VA,51,840,Winchester,0.24
1995,VI,78,001,St Croix,95.23
1995,VI,78,003,St John,0.28
1995,VI,78,004,St Thomas,106.11
1995,WA,53,001,Adams,346.25
1995,WA,53,003,Asotin,5.74
1995,WA,53,005,Benton,1078.14
1995,WA,53,007,Chelan,127.62
1995,WA,53,009,Clallam,101.55
1995,WA,53,011,Clark,195.05
1995,WA,53,013,Columbia,17.14
1995,WA,53,015,Cowlitz,208.40
1995,WA,53,017,Douglas,63.01
1995,WA,53,019,Ferry,13.25
1995,WA,53,021,Franklin,844.38
1995,WA,53,023,Garfield,2.02
1995,WA,53,025,Grant,1795.09
1995,WA,53,027,Grays Harbor,103.80
1995,WA,53,029,Island,14.25
1995,WA,53,031,Jefferson,32.14
1995,WA,53,033,King,291.56
1995,WA,53,035,Kitsap,40.44
1995,WA,53,037,Kittitas,452.58
1995,WA,53,039,Klickitat,98.87
1995,WA,53,041,Lewis,54.28
1995,WA,53,043,Lincoln,71.55
1995,WA,53,045,Mason,18.67
1995,WA,53,047,Okanogan,139.73
1995,WA,53,049,Pacific,9.78
1995,WA,53,051,Pend Oreille,5.11
1995,WA,53,053,Pierce,218.94
1995,WA,53,055,San Juan,3.04
1995,WA,53,057,Skagit,45.87
1995,WA,53,059,Skamania,13.31
1995,WA,53,061,Snohomish,173.17
1995,WA,53,063,Spokane,188.69
1995,WA,53,065,Stevens,29.36
1995,WA,53,067,Thurston,49.58
1995,WA,53,069,Wahkiakum,3.25
1995,WA,53,071,Walla Walla,353.55
1995,WA,53,073,Whatcom,160.81
1995,WA,53,075,Whitman,15.46
1995,WA,53,077,Yakima,1474.98
1995,WV,54,001,Barbour,2.24
1995,WV,54,003,Berkeley,20.77
1995,WV,54,005,Boone,4.05
1995,WV,54,007,Braxton,5.75
1995,WV,54,009,Brooke,50.28
1995,WV,54,011,Cabell,82.51
1995,WV,54,013,Calhoun,1.56
1995,WV,54,015,Clay,1.38
1995,WV,54,017,Doddridge,0.87
1995,WV,54,019,Fayette,33.47
1995,WV,54,021,Gilmer,1.23
1995,WV,54,023,Grant,1005.82
1995,WV,54,025,Greenbrier,11.17
1995,WV,54,027,Hampshire,2.66
1995,WV,54,029,Hancock,175.76
1995,WV,54,031,Hardy,13.54
1995,WV,54,033,Harrison,59.50
1995,WV,54,035,Jackson,50.51
1995,WV,54,037,Jefferson,13.74
1995,WV,54,039,Kanawha,637.62
1995,WV,54,041,Lewis,5.66
1995,WV,54,043,Lincoln,2.09
1995,WV,54,045,Logan,6.21
1995,WV,54,047,Mcdowell,7.32
1995,WV,54,049,Marion,55.58
1995,WV,54,051,Marshall,750.54
1995,WV,54,053,Mason,661.74
1995,WV,54,055,Mercer,21.87
1995,WV,54,057,Mineral,5.17
1995,WV,54,059,Mingo,6.50
1995,WV,54,061,Monongalia,132.11
1995,WV,54,063,Monroe,3.44
1995,WV,54,065,Morgan,2.69
1995,WV,54,067,Nicholas,5.15
1995,WV,54,069,Ohio,43.84
1995,WV,54,071,Pendleton,4.85
1995,WV,54,073,Pleasants,123.38
1995,WV,54,075,Pocahontas,5.13
1995,WV,54,077,Preston,147.22
1995,WV,54,079,Putnam,70.08
1995,WV,54,081,Raleigh,14.61
1995,WV,54,083,Randolph,15.15
1995,WV,54,085,Ritchie,3.98
1995,WV,54,087,Roane,3.47
1995,WV,54,089,Summers,1.55
1995,WV,54,091,Taylor,7.29
1995,WV,54,093,Tucker,16.81
1995,WV,54,095,Tyler,24.98
1995,WV,54,097,Upshur,3.91
1995,WV,54,099,Wayne,20.83
1995,WV,54,101,Webster,1.70
1995,WV,54,103,Wetzel,91.84
1995,WV,54,105,Wirt,2.51
1995,WV,54,107,Wood,168.58
1995,WV,54,109,Wyoming,6.49
1995,WI,55,001,Adams,38.21
1995,WI,55,003,Ashland,34.54
1995,WI,55,005,Barron,16.40
1995,WI,55,007,Bayfield,5.42
1995,WI,55,009,Brown,496.54
1995,WI,55,011,Buffalo,178.21
1995,WI,55,013,Burnett,2.17
1995,WI,55,015,Calumet,5.90
1995,WI,55,017,Chippewa,11.23
1995,WI,55,019,Clark,5.13
1995,WI,55,021,Columbia,17.10
1995,WI,55,023,Crawford,2.79
1995,WI,55,025,Dane,112.67
1995,WI,55,027,Dodge,13.67
1995,WI,55,029,Door,4.92
1995,WI,55,031,Douglas,6.71
1995,WI,55,033,Dunn,15.06
1995,WI,55,035,Eau Claire,18.05
1995,WI,55,037,Florence,0.55
1995,WI,55,039,Fond Du Lac,17.22
1995,WI,55,041,Forest,1.01
1995,WI,55,043,Grant,251.53
1995,WI,55,045,Green,6.45
1995,WI,55,047,Green Lake,5.29
1995,WI,55,049,Iowa,3.31
1995,WI,55,051,Iron,0.80
1995,WI,55,053,Jackson,9.34
1995,WI,55,055,Jefferson,22.66
1995,WI,55,057,Juneau,8.35
1995,WI,55,059,Kenosha,35.09
1995,WI,55,061,Kewaunee,725.93
1995,WI,55,063,La Crosse,69.02
1995,WI,55,065,Lafayette,3.15
1995,WI,55,067,Langlade,13.27
1995,WI,55,069,Lincoln,10.85
1995,WI,55,071,Manitowoc,1260.78
1995,WI,55,073,Marathon,183.41
1995,WI,55,075,Marinette,22.25
1995,WI,55,077,Marquette,1.62
1995,WI,55,078,Menominee,0.28
1995,WI,55,079,Milwaukee,1973.99
1995,WI,55,081,Monroe,6.37
1995,WI,55,083,Oconto,6.21
1995,WI,55,085,Oneida,32.84
1995,WI,55,087,Outagamie,67.67
1995,WI,55,089,Ozaukee,223.54
1995,WI,55,091,Pepin,1.42
1995,WI,55,093,Pierce,4.28
1995,WI,55,095,Polk,4.80
1995,WI,55,097,Portage,85.22
1995,WI,55,099,Price,9.33
1995,WI,55,101,Racine,37.68
1995,WI,55,103,Richland,2.73
1995,WI,55,105,Rock,151.95
1995,WI,55,107,Rusk,4.19
1995,WI,55,109,St Croix,7.66
1995,WI,55,111,Sauk,13.20
1995,WI,55,113,Sawyer,1.50
1995,WI,55,115,Shawano,6.00
1995,WI,55,117,Sheboygan,464.69
1995,WI,55,119,Taylor,2.20
1995,WI,55,121,Trempealeau,5.62
1995,WI,55,123,Vernon,200.62
1995,WI,55,125,Vilas,1.47
1995,WI,55,127,Walworth,14.57
1995,WI,55,129,Washburn,2.46
1995,WI,55,131,Washington,12.78
1995,WI,55,133,Waukesha,43.48
1995,WI,55,135,Waupaca,10.20
1995,WI,55,137,Waushara,25.65
1995,WI,55,139,Winnebago,68.67
1995,WI,55,141,Wood,121.86
1995,WY,56,001,Albany,179.70
1995,WY,56,003,Big Horn,741.34
1995,WY,56,005,Campbell,60.89
1995,WY,56,007,Carbon,786.88
1995,WY,56,009,Converse,225.83
1995,WY,56,011,Crook,45.60
1995,WY,56,013,Fremont,594.12
1995,WY,56,015,Goshen,165.67
1995,WY,56,017,Hot Springs,204.53
1995,WY,56,019,Johnson,300.17
1995,WY,56,021,Laramie,112.82
1995,WY,56,023,Lincoln,498.91
1995,WY,56,025,Natrona,192.89
1995,WY,56,027,Niobrara,28.43
1995,WY,56,029,Park,868.56
1995,WY,56,031,Platte,129.75
1995,WY,56,033,Sheridan,856.92
1995,WY,56,035,Sublette,448.97
1995,WY,56,037,Sweetwater,74.12
1995,WY,56,039,Teton,89.00
1995,WY,56,041,Uinta,180.23
1995,WY,56,043,Washakie,259.12
1995,WY,56,045,Weston,14.11
