Donor,Recipient,Commodity,VWT,Water Saved
Canada,"Korea, Democratic People's Republic of",CANNED FISH,,
Canada,El Salvador,VEGETABLE OIL,970020.5225471152,
Canada,Haiti,CANNED FISH,,
Canada,Jordan,WHEAT,993231.8051275222,1417723.333418393
Canada,Jordan,VEGETABLE OIL,277060.84407239006,
Canada,Kenya,VEGETABLE OIL,2820958.20167639,0
Canada,Kenya,PEAS,3829304.8507927977,0
Canada,Mali,VEGETABLE OIL,5641897.007154075,4075644.7122169035
Canada,Mali,PEAS,1927956.113610421,0
Canada,Senegal,VEGETABLE OIL,1893797.736496129,0
Canada,Senegal,PEAS,1543407.6123970032,0
Canada,Swaziland,PEAS,664285.5128487976,0
Canada,Tanzania,VEGETABLE OIL,3691348.7641328275,0
China,"Korea, Democratic People's Republic of",MAIZE,152313163.8130631,148383858.39679125
China,"Korea, Democratic People's Republic of",MAIZE MEAL,85635.72185068186,83426.53062078122
China,"Korea, Democratic People's Republic of",RICE,51890977.78287314,56814664.43911845
China,"Korea, Democratic People's Republic of",WHEAT FLOUR,281603445.4108585,195425034.01216245
China,Guinea-Bissau,RICE,5449130.27501083,17172794.522176147
Denmark,Burkina Faso,VEGETABLE OIL,0.0,0
Denmark,Eritrea,PEAS,270773.6176395859,
Denmark,Haiti,VEGETABLE OIL,0.0,
Denmark,Madagascar,PEAS,741200.2928881091,0
Denmark,Nicaragua,PEA WHEAT BLENDED,1080443.2949169273,0
Denmark,Rwanda,PEA WHEAT BLENDED,893475.3127950086,0
Denmark,Uganda,PEAS,1498573.3614741475,0
Finland,Djibouti,VEGETABLE OIL,0.0,
Finland,Rwanda,VEGETABLE OIL,0.0,0
France,Yemen,WHEAT FLOUR,405569.9148729655,2490448.379754512
India,Afghanistan,HIGH ENERGY BISCUITS,0,0
Italy,Algeria,WHEAT FLOUR,70707.75151963726,126345.88325027868
Italy,Armenia,WHEAT FLOUR,8527616.75895014,-1024075.8465300477
Japan,Angola,RICE,4912033.698052364,31152358.25036744
Japan,"Congo, Democratic Republic of the",CANNED FISH,,
Japan,"Congo, Democratic Republic of the",RICE,10524301.448778022,66141751.595585756
Japan,Gambia,RICE,5019529.225000155,13814241.338604309
Japan,Mozambique,CANNED FISH,0,0
Japan,Nepal,RICE,18410400.5819249,30466467.10346614
Japan,Sao Tome and Principe,RICE,3389692.2830869905,
Japan,Tanzania,RICE,16895225.535422713,0
Netherlands,Burundi,SUGAR,0.0,472861.6682479759
Netherlands,Central African Republic,SUGAR,0.0,
Netherlands,Tajikistan,VEGETABLE OIL,0.0,73782427.63893308
Norway,Indonesia,HARD BISCUITS,,
Norway,Mozambique,CANNED FISH,0,0
"Korea, Republic of","Korea, Democratic People's Republic of",MAIZE,120018139.66617256,38354571.74974897
Spain,Algeria,CEREALS AND GRAINS,0.0,0
Spain,Algeria,PRE-PACKAGED FOOD PARCELS,,
Spain,Cape Verde,RICE,1442773.5903228144,
United States of America,Afghanistan,WHEAT,221278517.92704365,87389531.42876397
United States of America,Afghanistan,VEGETABLE OIL,22510248.439119384,0
United States of America,Angola,CORN-SOYA BLEND,3398629.8346680766,0
United States of America,Angola,VEGETABLE OIL,20830894.349983435,0
United States of America,Angola,PEAS,10413319.87687216,0
United States of America,Bangladesh,RICE,4744428.711903854,996924.0404832172
United States of America,Bangladesh,HARD RED WINTER WHEAT,74275992.50041786,-22742672.54153033
United States of America,Bangladesh,VEGETABLE OIL,2045903.225834527,0
United States of America,Bangladesh,PEAS,861917.6423130847,2573162.701746972
United States of America,Bangladesh,COMMON WHEAT,116668421.91430831,-35722871.229479544
United States of America,Benin,RICE,8525322.046400268,3258665.4201956047
United States of America,Bolivia,WHEAT FLOUR,31303867.445634913,0
United States of America,Burkina Faso,VEGETABLE OIL,4558508.944719813,0
United States of America,Burundi,MAIZE,12633878.46622223,0
United States of America,Cambodia,SOYA OIL,8023776.713819785,0
United States of America,Cape Verde,MAIZE,10561067.363064587,0
United States of America,Chad,CORN-SOYA BLEND,2460172.258954116,5999705.702164946
United States of America,Chad,PEAS,974022.1869447033,0
United States of America,Côte d'Ivoire,RICE,25322381.304861445,37562627.59934894
United States of America,Côte d'Ivoire,VEGETABLE OIL,1054384.9979479366,0
United States of America,Côte d'Ivoire,PEAS,220561.4096000633,
United States of America,"Korea, Democratic People's Republic of",VEGETABLE OIL,3196711.0034712865,1837840.4279425123
United States of America,"Korea, Democratic People's Republic of",BEANS,6477982.050594129,24987483.32886964
United States of America,Ecuador,WHEAT,84323943.63798428,189210571.5321785
United States of America,El Salvador,SORGHUM,15809607.16958493,
United States of America,El Salvador,WHEAT,80414990.56026226,0
United States of America,El Salvador,PLAIN DRIED SKIM MILK,3724257.4893348287,-3724257.4893348287
United States of America,Eritrea,WHEAT,89064505.3985734,178783474.3343077
United States of America,Eritrea,CORN-SOYA BLEND,14219445.902381893,85364533.41515759
United States of America,Eritrea,VEGETABLE OIL,34709361.9972505,0
United States of America,Eritrea,PLAIN DRIED SKIM MILK,119403.5840828082,102638.35021547004
United States of America,Ethiopia,WHEAT,970314917.2821236,1120843445.9251614
United States of America,Ethiopia,CORN-SOYA BLEND,38363990.840738595,115822764.88811636
United States of America,Ethiopia,VEGETABLE OIL,105160551.0546689,197865002.97393823
United States of America,Gambia,RICE,1910368.0830505085,2307351.6964391293
United States of America,Gambia,VEGETABLE OIL,2429526.0642974526,0
United States of America,Ghana,WHEAT,80807258.8068977,0
United States of America,Guatemala,MAIZE,1703909.9920077198,7248843.7546725795
United States of America,Guatemala,CORN-SOYA BLEND,4299628.437241321,7523047.452530213
United States of America,Guatemala,RICE,5652810.475256015,4229204.106283112
United States of America,Guatemala,VEGETABLE OIL,3736976.504385959,0
United States of America,Guatemala,PINTO BEANS,2910210.4267992484,0
United States of America,Guatemala,SOYA OIL,46470773.74055705,0
United States of America,Guinea,VEGETABLE OIL,20202501.567615937,0
United States of America,Haiti,LENTILS,6628134.511301439,0
United States of America,Haiti,HARD RED WINTER WHEAT,176642314.14239854,0
United States of America,Honduras,MAIZE,240166.90702033392,895444.6459273982
United States of America,Honduras,CORN-SOYA BLEND,3402522.4609366665,5017097.824246941
United States of America,Honduras,VEGETABLE OIL,5141677.675624993,0
United States of America,Honduras,BEANS,3120280.2651138343,17169096.49394311
United States of America,Honduras,MAIZE MEAL,176033.84622555555,656329.24644083
United States of America,Honduras,RICE,28550520.595655534,25695820.592444677
United States of America,Honduras,WHEAT,91457341.7030495,0
United States of America,India,BULGUR WHEAT,74021018.14010483,-5895295.563634358
United States of America,India,VEGETABLE OIL,96822370.16261901,153027579.8820768
United States of America,Indonesia,RICE,33944700.637810044,10756950.675435407
United States of America,Kenya,MAIZE MEAL,8974087.952099137,32505811.01535686
United States of America,Kenya,VEGETABLE OIL,19445744.341446284,0
United States of America,Kenya,BEANS,2739475.255344585,-510389.69524927717
United States of America,Lesotho,VEGETABLE OIL,1274396.3160961173,0
United States of America,Madagascar,CORN-SOYA BLEND,2366018.3817703733,0
United States of America,Madagascar,SOYA OIL,30049203.62944461,0
United States of America,Malawi,MAIZE MEAL,16597021.904534742,89880089.43018894
United States of America,Malawi,VEGETABLE OIL,2843019.0898575624,0
United States of America,Mali,MAIZE MEAL,103794.73320065302,398250.94054039917
United States of America,Mongolia,WHEAT,88260355.49297078,0
United States of America,Mozambique,MAIZE MEAL,1056267.2779325452,8269135.818981489
United States of America,Mozambique,PEAS,1428959.998919443,0
United States of America,Mozambique,RICE,9672101.391817693,35862235.813889354
United States of America,Mozambique,WHEAT,66136426.382732764,-14642167.531770714
United States of America,Niger,RICE,9551840.415252544,14540871.733150106
United States of America,Niger,VEGETABLE OIL,10928240.031651981,0
United States of America,Nigeria,RICE,18268547.242286284,41130621.92979111
United States of America,Peru,WHEAT FLOUR,1180872.0978837635,927035.0496151472
United States of America,Peru,VEGETABLE OIL,26980348.79069282,0
United States of America,Peru,PEAS,362447.4188188356,380687.6669068593
United States of America,Peru,WHEAT,92967574.45259589,72983517.98616676
United States of America,Philippines,RICE,188253029.67765486,136856949.81707263
United States of America,Rwanda,MAIZE,4920024.72684502,0
United States of America,Rwanda,VEGETABLE OIL,15759864.27012554,0
United States of America,Somalia,MAIZE,4567765.013616421,30259448.922791336
United States of America,Somalia,RICE,4067446.807092347,-757809.1230218002
United States of America,Sri Lanka,RICE,14168914.734676316,6993882.0097702285
United States of America,Sri Lanka,CORN-SOYA BLEND,1797933.3391369304,0
United States of America,Sri Lanka,VEGETABLE OIL,7121383.145208612,0
United States of America,Sudan,MAIZE,8862193.953512363,114515983.17009974
United States of America,Sudan,SORGHUM,171142385.38372177,818686284.7997719
United States of America,Sudan,CORN-SOYA BLEND,39871407.565214746,250620162.89463323
United States of America,Sudan,VEGETABLE OIL,61645030.17952536,0
United States of America,Sudan,PEAS,20157138.59494192,0
United States of America,Uganda,MAIZE MEAL,6911373.563448912,0
United States of America,Uganda,SORGHUM,35142495.96416205,0
United States of America,Uganda,CORN-SOYA BLEND,28331193.199833505,0
United States of America,Uganda,VEGETABLE OIL,33695917.44088579,0
United States of America,Uganda,PEAS,16431074.152335547,0
United States of America,Uganda,MAIZE,281144.2701054297,0
United States of America,Uganda,HARD RED WINTER WHEAT,37853885.80031858,0
United States of America,Zambia,SORGHUM,57348107.82424887,0
United States of America,Zambia,BEANS,1053181.7083841297,0
United States of America,Zambia,PINTO BEANS,7076497.269165325,
United States of America,Zambia,WHEAT,13729388.6322399,-7524270.268037279
United States of America,Zimbabwe,SORGHUM,24459720.80665783,111074581.46008478
Australia,"Korea, Democratic People's Republic of",WHEAT FLOUR,13326479.64398304,1087974.4939756636
Australia,Sri Lanka,LENTILS,1044235.6433250166,
Canada,El Salvador,BEANS,111123.59604379912,
Canada,Haiti,VEGETABLE OIL,5235042.3431193,0
Canada,Mozambique,PEAS,3741752.1999788964,0
Canada,Somalia,VEGETABLE OIL,1612727.4210628753,0
Canada,Tanzania,PEAS,2920519.1221187324,0
Denmark,Burkina Faso,PEAS,223303.26375214383,
Denmark,Madagascar,VEGETABLE OIL,0.0,0
Denmark,Zambia,PEAS,530217.7952105699,0
Egypt,Mauritania,RICE,57947.866996555895,9595.071093846049
Egypt,Mauritania,WHEAT,33549.29359648167,
Egypt,Mauritania,VEGETABLE OIL,4366.293646172427,
Italy,Sri Lanka,CORN-SOYA BLEND,8094.519934786824,
Japan,Bangladesh,RICE,12825752.015256362,13551330.856101308
Japan,Kenya,RICE,7736606.639470972,10874909.257121399
Japan,Niger,RICE,13919135.089353887,45746532.37324765
Japan,Senegal,RICE,12718051.73492391,24339243.526576433
Saudi Arabia,Jordan,DRIED FRUITS,0.0,2833917.4411052414
Spain,Algeria,PASTA,547507.4044074555,726897.2553876032
Switzerland,Albania,DAIRY PRODUCTS,0.0,0.0
Switzerland,Serbia and Montenegro,DAIRY PRODUCTS,0.0,0.0
Syrian Arab Republic,Occupied Palestinian Territory,WHEAT FLOUR,2258033.1467750473,252317.92037737434
United States of America,Bolivia,BULGUR WHEAT,874758.1899969992,0
United States of America,Bolivia,CORN-SOYA BLEND,2371043.6526001506,3779135.303394012
United States of America,Bolivia,WHEAT-SOYA BLEND,3779647.852525393,0
United States of America,Bolivia,PEAS,2549983.344783261,0
United States of America,Bolivia,WHEAT,40845323.44916034,0
United States of America,Burkina Faso,MAIZE MEAL,41549.16517529657,176623.75126883356
United States of America,Burkina Faso,PEAS,33150.67855050326,
United States of America,Burkina Faso,SOYA-FORTIFIED MAIZE MEAL,1516064.468542468,2281911.410241953
United States of America,Burkina Faso,SOYA-FORTIFIED BULGUR WHEAT,12195618.441363655,0
United States of America,Burkina Faso,LENTILS,4342140.807538066,0
United States of America,Burkina Faso,RICE,20739150.77410024,22021638.925391678
United States of America,Cambodia,WHEAT,9818474.213284705,
United States of America,Chad,SORGHUM,21815902.784841243,0
United States of America,Chad,VEGETABLE OIL,3729470.5969261783,0
United States of America,Chad,WHEAT,12115695.132643417,14139465.779141601
United States of America,Congo,RICE,1642603.3763278553,0
United States of America,Congo,VEGETABLE OIL,319515.73957091686,
United States of America,Congo,PEAS,766718.8387196045,0
United States of America,Ethiopia,LENTILS,46676142.8366157,155899259.12024412
United States of America,Ethiopia,RICE,1026518.368852277,1343898.6958885756
United States of America,Ethiopia,BULGUR WHEAT,11297325.50310026,13049921.238046277
United States of America,Ethiopia,HARD SPRING RED WHEAT,9100623.321941877,10512436.552870613
United States of America,Ethiopia,HARD RED WINTER WHEAT,303223354.64918405,350263511.0072837
United States of America,Guatemala,SOYA-FORTIFIED BULGUR WHEAT,252983.63932299777,0
United States of America,Guinea,CORN-SOYA BLEND,111305.83163058828,264025.1266888418
United States of America,Guinea,PEAS,868050.5178449277,0
United States of America,Haiti,RICE,6256627.718292985,7274367.392700259
United States of America,Haiti,SOYA-FORTIFIED BULGUR WHEAT,15477177.64858197,0
United States of America,Haiti,WHEAT-SOYA BLEND,3249032.739305357,0
United States of America,Haiti,VEGETABLE OIL,5338528.729911968,0
United States of America,Kenya,CORN-SOYA BLEND,15386561.13534867,21832361.967020016
United States of America,Lesotho,SOYA-FORTIFIED MAIZE MEAL,3241711.55580958,12790145.985563368
United States of America,Liberia,BULGUR WHEAT,41046557.05968431,0
United States of America,Liberia,VEGETABLE OIL,4817459.555358447,0
United States of America,Liberia,PEAS,1916217.5124356868,0
United States of America,Malawi,CORN-SOYA BLEND,2552619.334798124,6017502.889451462
United States of America,Mali,VEGETABLE OIL,159474.959730011,78612.88992350412
United States of America,Mali,PEAS,87849.29815883363,
United States of America,Mozambique,VEGETABLE OIL,20268043.995489825,0
United States of America,Nicaragua,RICE,2157254.450067692,377642.77069816855
United States of America,Nicaragua,VEGETABLE OIL,1245750.4742106434,0
United States of America,Nicaragua,BEANS,345694.3719227741,3646802.499554105
United States of America,Nicaragua,WHEAT,49747459.03830468,0
United States of America,Niger,SOYA-FORTIFIED BULGUR WHEAT,15956039.537300501,8542724.21538082
United States of America,Peru,SOYA OIL,36461831.55291971,0
United States of America,Philippines,PEAS,3315067.855050326,0
United States of America,Rwanda,MAIZE MEAL,1448007.821856831,0
United States of America,Rwanda,CORN-SOYA BLEND,1566871.6102265744,0
United States of America,Rwanda,PINTO BEANS,1821758.8434426934,0
United States of America,Somalia,VEGETABLE OIL,3452071.6932933396,0
United States of America,Somalia,LENTILS,7843648.856357848,0
United States of America,Sri Lanka,PEAS,1098116.2269854203,
United States of America,Sudan,WHEAT,748215128.9018528,-58326604.0497223
United States of America,Tajikistan,WHEAT FLOUR,60381562.75097532,-7952264.157519182
United States of America,Tajikistan,VEGETABLE OIL,8813389.867106829,976513033.6270998
United States of America,Tajikistan,LENTILS,1478857.968919407,11052399.63416284
United States of America,Tanzania,VEGETABLE OIL,2682271.834058985,0
United States of America,Tanzania,PEAS,627431.8426991918,0
United States of America,Zambia,BULGUR WHEAT,4294454.697102981,-2353537.995054432
United States of America,Zimbabwe,MAIZE MEAL,4410230.3128825305,27761173.268872015
United States of America,Zimbabwe,CORN-SOYA BLEND,5476425.990463866,11134910.018474044
Belgium,Cape Verde,MAIZE MEAL,73620.38061435471,0
Canada,Cambodia,CANNED FISH,,
Canada,Côte d'Ivoire,PEAS,626771.5091461951,0
Canada,Haiti,BEANS,4358766.359105754,10187676.859019896
Canada,Malawi,PEAS,3126726.2894360726,0
Canada,Sudan,PEAS,3034858.928931137,0
Canada,Yemen,WHEAT,11931053.717457507,25074141.13720893
Canada,Yemen,VEGETABLE OIL,464965.6753547689,
China,Liberia,RICE,35964259.81507148,
Denmark,Central African Republic,PEA WHEAT BLENDED,107217.03753540105,
Denmark,Gambia,PEAS,595475.3700057169,0
Denmark,Honduras,PEA WHEAT BLENDED,47652.01668240047,
Denmark,Honduras,VEGETABLE OIL,0.0,0
Denmark,Honduras,PEAS,372172.1062535731,
Denmark,Kenya,PEAS,1442804.1927364548,0
Denmark,Mauritania,PEAS,247434.97109826596,0
Denmark,Sierra Leone,PEAS,507700.53307422355,0
Denmark,Zambia,VEGETABLE OIL,0.0,0
European Community,Haiti,WHEAT-SOYA BLEND,284945.78360776056,
Germany,"Korea, Democratic People's Republic of",SUGAR,0.0,
India,Guinea,RICE,2507380.177021037,2959220.4466557573
Italy,Cape Verde,MAIZE MEAL,13658.83469041346,0
Japan,Lao People's Democratic Republic,RICE,11997524.57429672,16883801.869913608
Japan,Maldives,WHEAT FLOUR,5061515.592107762,
Japan,Peru,RICE,1535650.3849684342,337585.0978570087
Japan,Uganda,RICE,3347717.8392311865,6081875.178028968
Luxembourg,Mauritania,WHEAT,1113668.6469467082,0
Libyan Arab Jamahiriya,Niger,RICE,0.0,3628059.644970525
Libyan Arab Jamahiriya,Niger,WHEAT FLOUR,234391.38409832088,-124225.98767376335
Libyan Arab Jamahiriya,Niger,MISCELLANEOUS,0,0
Norway,Algeria,PASTA,14297.884124189595,54962.86965434736
Saudi Arabia,Djibouti,DRIED FRUITS,0.0,
Saudi Arabia,Syrian Arab Republic,DRIED FRUITS,0.0,2876753.0041322107
Switzerland,Bulgaria,DAIRY PRODUCTS,0.0,0.0
Switzerland,Moldova,DAIRY PRODUCTS,0.0,216010.71517567607
China,Lao People's Democratic Republic,RICE,1632559.4303932446,2059242.516311003
United States of America,Afghanistan,PEAS,1323209.3343433375,0
United States of America,Angola,SORGHUM,7680476.5516326055,0
United States of America,"Congo, Democratic Republic of the",MAIZE MEAL,9655560.014793033,52061383.16735203
United States of America,El Salvador,SOYA FLOUR,7777462.386594876,
United States of America,Eritrea,SORGHUM,56779074.89190931,309037358.7610936
United States of America,Eritrea,SOFT WHITE WHEAT,73628749.8934694,147798538.35080183
United States of America,Eritrea,LENTILS,10223184.781046847,0
United States of America,Eritrea,TEXTURED SOY PROTEINS,35257.82948589677,
United States of America,Ghana,SOYA-FORTIFIED SORGHUM GRITS,9067826.039310887,0
United States of America,Ghana,SOYA-FORTIFIED BULGUR WHEAT,7775632.857191852,0
United States of America,Ghana,WHEAT-SOYA BLEND,3451419.6507637547,0
United States of America,Ghana,VEGETABLE OIL,2909018.649233468,0
United States of America,Haiti,MAIZE MEAL,243340.90507650326,1852071.368651162
United States of America,Kenya,SORGHUM,6990104.88426648,0
United States of America,Kenya,PEAS,13781675.237647183,0
United States of America,Kenya,MAIZE,7767589.78087003,28135650.866082475
United States of America,Malawi,SOYA OIL,9877876.512232326,0
United States of America,Sierra Leone,BULGUR WHEAT,17133000.179892596,0
United States of America,Sierra Leone,CORN-SOYA BLEND,1007151.5729788234,0
United States of America,Sierra Leone,VEGETABLE OIL,2397523.662432094,0
United States of America,Sierra Leone,PEAS,551421.7568733611,0
United States of America,Sudan,LENTILS,26526968.49182055,0
United States of America,Tajikistan,BEANS,257119.3918191348,319591.88637797465
United States of America,Tanzania,CORN-SOYA BLEND,3099075.5670116455,0
Austria,Angola,CANNED MEAT,3943755.5961555997,-1635989.4489298237
Canada,China,WHEAT,58275500.55065943,-2389377.2422136134
Canada,Egypt,WHEAT,4016918.852686422,-667581.0419710014
Canada,Eritrea,WHEAT,4375021.468268149,14865676.833618179
Canada,Eritrea,PEAS,2885761.738496513,0
Canada,Ethiopia,WHEAT,75078158.1087414,161538192.25165805
Canada,Ethiopia,VEGETABLE OIL,5374082.608092882,12491503.447726043
Canada,Sudan,VEGETABLE OIL,3905621.3421118045,0
China,Mauritania,MILK,0.0,0.0
China,Mauritania,VEGETABLE OIL,1338607.6203742835,
Denmark,Iraq,PEA WHEAT BLENDED,2668512.934214426,25817623.939367503
Denmark,Lesotho,VEGETABLE OIL,0.0,0
Denmark,Mali,VEGETABLE OIL,0.0,438978.4996317743
Denmark,Nepal,VEGETABLE OIL,0.0,
Denmark,Tanzania,PEAS,581455.1879208221,0
European Community,Algeria,VEGETABLE OIL,1944824.1619200297,
European Community,Guinea-Bissau,VEGETABLE OIL,827499.6947943394,
Germany,"Korea, Democratic People's Republic of",WHEAT,287640.5134596348,758191.1470370691
Hungary,Sri Lanka,WHEAT FLOUR,56121.405518976295,
Japan,Honduras,CANNED FISH,,
Japan,Nicaragua,CANNED FISH,,
Luxembourg,Ethiopia,WHEAT,1108397.282017827,5202020.193651906
Netherlands,Chad,SUGAR,0.0,21555.214354337077
Norway,East Timor,HIGH ENERGY BISCUITS,,
Saudi Arabia,Afghanistan,DRIED FRUITS,0.0,10863003.72013094
Sri Lanka,Cape Verde,MAIZE MEAL,20191.756892852005,
United States of America,Bolivia,SOYA-FORTIFIED BULGUR WHEAT,1011934.5572919911,0
United States of America,Bolivia,LENTILS,2589783.202198022,0
United States of America,Burkina Faso,WHEAT-SOYA BLEND,251176.6133278335,
United States of America,Burundi,VEGETABLE OIL,2750806.3954006513,0
United States of America,Burundi,PEAS,6166854.977357368,0
United States of America,"Congo, Democratic Republic of the",CORN-SOYA BLEND,1005835.3773227392,2358728.0082262782
United States of America,"Congo, Democratic Republic of the",VEGETABLE OIL,5141437.921340716,0
United States of America,"Congo, Democratic Republic of the",PEAS,5176533.706792002,0
United States of America,Ethiopia,PEAS,8499336.720170777,23362953.721958783
United States of America,Georgia,WHEAT FLOUR,5545137.212583589,3518901.79311306
United States of America,Guinea,BULGUR WHEAT,6733478.626279166,0
United States of America,Haiti,SOYA OIL,16606980.090953698,
United States of America,Kenya,HARD RED WINTER WHEAT,43188733.95456037,0
United States of America,Lesotho,CORN-SOYA BLEND,447685.5973075446,1980945.0372891251
United States of America,Madagascar,RICE,10364355.802123753,16826208.77218457
United States of America,Madagascar,HARD RED WINTER WHEAT,14906193.372146174,0
United States of America,Mauritania,WHEAT,52203878.102877915,0
United States of America,Mauritania,HARD RED WINTER WHEAT,23051643.51353079,0
United States of America,Mozambique,SORGHUM,11202235.937305894,62062795.79409219
United States of America,Nicaragua,LENTILS,1193776.9146698827,0
United States of America,Senegal,SOYA-FORTIFIED BULGUR WHEAT,814968.7238190856,
United States of America,Senegal,WHEAT-SOYA MILK,1292981.788029108,
United States of America,Senegal,VEGETABLE OIL,2138608.2157551534,0
United States of America,Senegal,LENTILS,1523401.8836458952,0
United States of America,Sierra Leone,HARD RED WINTER WHEAT,5884023.699531385,
United States of America,Uganda,BEANS,1841947.3051252933,0
Canada,Bangladesh,WHEAT,24986710.592837404,364906.8044183235
Canada,"Congo, Democratic Republic of the",VEGETABLE OIL,2504157.3173431116,0
Canada,"Congo, Democratic Republic of the",BEANS,3193045.81917894,0
Canada,Rwanda,VEGETABLE OIL,668731.0554067283,0
Cuba,"Korea, Democratic People's Republic of",SUGAR,6169195.873032766,0
Denmark,Mauritania,PEA WHEAT BLENDED,190608.06672960188,
Denmark,Rwanda,VEGETABLE OIL,0.0,0
Denmark,Uganda,VEGETABLE OIL,0.0,0
European Community,Occupied Palestinian Territory,VEGETABLE OIL,183888.8210654088,
Italy,Algeria,CANNED FISH,,
Italy,Algeria,SUGAR,0.0,
Italy,"Congo, Democratic Republic of the",RICE,2948651.32852225,12727651.04286927
Italy,Mauritania,RICE,3620584.718799204,759523.9046009824
Japan,Bolivia,RICE,1279708.6541403618,2642502.292350329
Japan,Burundi,RICE,130018.39926066076,224657.489613718
Japan,Mozambique,RICE,5088121.608862079,35620770.302712426
Saudi Arabia,Ethiopia,DRIED FRUITS,0.0,628558.1469777353
Saudi Arabia,Senegal,DRIED FRUITS DATES,350459.00209345826,
Switzerland,Ukraine,DAIRY PRODUCTS,0.0,0.0
United States of America,Azerbaijan,WHEAT FLOUR,4516289.9931836855,-1939519.0015023984
United States of America,Burundi,CORN-SOYA BLEND,2217721.4084482556,0
United States of America,Chad,MAIZE MEAL,464703.4667051394,2588808.493686204
United States of America,Chad,LENTILS,1779883.962884425,
United States of America,Ethiopia,BEANS,307574.7369686774,1028300.1026939164
United States of America,Indonesia,CORN-SOYA BLEND,436493.457374856,645945.6781492741
United States of America,Indonesia,VEGETABLE OIL,9174597.278351707,13850101.550543297
United States of America,Indonesia,PEAS,419908.59497304127,0
United States of America,Kenya,PINTO BEANS,657674.6727229939,0
United States of America,Lesotho,SORGHUM,2823144.13742588,0
United States of America,Liberia,LENTILS,1478857.9689194069,0
United States of America,Madagascar,VEGETABLE OIL,63934.47580732896,
United States of America,Madagascar,BEANS,539891.8255301253,380380.5372167565
United States of America,Malawi,SORGHUM,5985065.571342867,
United States of America,Nepal,RICE,2296617.3676017043,1291074.6384437927
United States of America,Nepal,LENTILS,356173.1421529993,
United States of America,Nicaragua,CORN-SOYA BLEND,2022727.4696849815,2212049.667944864
United States of America,Rwanda,PEAS,917334.5266233429,0
United States of America,Somalia,CORN-SOYA BLEND,1931427.5881840745,5775269.3057724275
United States of America,Somalia,PEAS,220507.26349176417,
United States of America,Sudan,PLAIN DRIED SKIM MILK,95582.56905828796,-95582.56905828796
United States of America,Swaziland,MAIZE,1757151.6881589354,10922484.720940804
United States of America,Tanzania,MAIZE,14701470.243148811,0
United States of America,Zimbabwe,BULGUR WHEAT,22439116.64640957,-8939462.19390377
Algeria,Niger,RICE,8524108.18181818,16723869.262225088
Algeria,Niger,WHEAT FLOUR,68157.33490706517,-11797.234672024588
Canada,"Korea, Democratic People's Republic of",WHEAT,4945034.994943184,3088259.447247123
Canada,Guinea,VEGETABLE OIL,1019544.5596118798,0
Canada,Mozambique,VEGETABLE OIL,2873333.479950781,0
Canada,Sudan,WHEAT,4189934.72313602,1459651.220040109
Denmark,Ethiopia,VEGETABLE OIL,0.0,1111904.7052902738
Denmark,Yemen,VEGETABLE OIL,0.0,
Equatorial Guinea,Niger,RICE,0.0,153157.67832044672
Equatorial Guinea,Niger,WHEAT FLOUR,0.0,70186.92432757234
Italy,Algeria,PASTA,1000212.555774458,1787254.382742545
Italy,Algeria,RICE,1294737.0871767271,
Italy,Algeria,DRIED WHOLE MILK,0.0,0.0
Italy,Cambodia,CORN-SOYA BLEND,178079.43856531012,182588.8277533413
Italy,Ethiopia,RICE,1839049.4251630208,3428097.6458119927
Italy,Guinea-Bissau,RICE,1087437.9209659602,2419865.2995899087
Italy,Somalia,RICE,2191148.1328029283,20185.716907074053
Italy,Yemen,WHEAT FLOUR,4030157.8795125103,9894845.18006264
Italy,Yemen,CONCENTRATED TOMATE PASTE,112151.0718101512,328952.2263113058
Japan,Bhutan,RICE,1023766.9233122894,3933720.4749573967
Japan,Indonesia,RICE,24643094.63481704,30508801.49346499
Japan,Mali,RICE,6987352.57897564,25384003.365013756
Morocco,Niger,PASTA,57635.57239715304,-4377.734217391151
Morocco,Niger,RICE,203683.8439197051,211355.9104400728
Saudi Arabia,Afghanistan,DRIED FRUITS DATES,525688.5031401874,
South Africa,Niger,MAIZE MEAL,11537.992487924384,24667.57237984099
United Arab Emirates,Niger,MILLET,0.0,
United Arab Emirates,Niger,WHEAT FLOUR,3961.132984736987,1344.9984944274815
United Arab Emirates,Niger,DRIED FRUITS DATES,180354.3057320353,33501.197635292134
United Arab Emirates,Niger,BEANS,0.0,4065.060631710188
United States of America,Afghanistan,WHEAT-SOYA BLEND,3967822.5045318245,2039672.4970126566
United States of America,Armenia,WHEAT FLOUR,3916625.2799474173,-1801167.6510483196
United States of America,Azerbaijan,VEGETABLE OIL,799340.7837811304,
United States of America,Benin,MAIZE MEAL,139791.58376735295,
United States of America,Benin,WHEAT-SOYA BLEND,524037.5385976382,
United States of America,Benin,VEGETABLE OIL,351639.6169403093,
United States of America,Côte d'Ivoire,MAIZE MEAL,2208810.055098879,0
United States of America,Côte d'Ivoire,CORN-SOYA BLEND,780874.4838896913,0
United States of America,Côte d'Ivoire,BEANS,259508.00413814685,45757.18398181758
United States of America,Indonesia,WHEAT FLOUR,1389261.2916279573,
United States of America,Kenya,SOYA-FORTIFIED BULGUR WHEAT,1499831.575986344,0
United States of America,Lesotho,PEAS,736442.3239994299,
United States of America,Liberia,CORN-SOYA BLEND,1804162.884223465,0
United States of America,Mauritania,VEGETABLE OIL,1882742.4435742232,0
United States of America,Mauritania,PEAS,1057118.782822013,0
United States of America,Mauritania,SOYA-FORTIFIED SORGHUM GRITS,1296397.2800487417,4135842.8214648273
United States of America,Mauritania,WHEAT-SOYA BLEND,1165531.7668809542,0
United States of America,Mozambique,SOYA-FORTIFIED MAIZE MEAL,1086748.0020031694,3490649.578364354
United States of America,Nepal,VEGETABLE OIL,319586.0674943049,
United States of America,Nicaragua,MAIZE MEAL,56952.126720032684,170886.9780966222
United States of America,Occupied Palestinian Territory,WHEAT FLOUR,20951548.77199063,1544799.8707839688
United States of America,Occupied Palestinian Territory,VEGETABLE OIL,959039.5141764672,
United States of America,Pakistan,ENRICHED DRIED SKIM MILK,2400012.0400644448,-2400012.0400644448
United States of America,Uganda,SOYA-FORTIFIED MAIZE MEAL,488352.9068318616,
United States of America,Uganda,LENTILS,195993.2247965479,
United States of America,Zimbabwe,VEGETABLE OIL,3653855.2923888504,1910911.876761538
Canada,Afghanistan,PEAS,419425.7378826102,
Canada,Angola,PEAS,1497563.8219297656,
Canada,Burkina Faso,VEGETABLE OIL,371315.2862362707,0
Canada,Burundi,PEAS,2274511.1989333434,0
Canada,Chad,PEAS,569301.97312256,0
Canada,"Congo, Democratic Republic of the",PEAS,1821167.0487573256,0
Canada,Sierra Leone,PEAS,407320.58013832,0
Canada,Uganda,VEGETABLE OIL,2868550.931527249,0
Canada,Uganda,PEAS,2704723.711043539,0
China,"Korea, Democratic People's Republic of",WHEAT,14360611.43242342,9965868.753921784
China,Sri Lanka,CANNED FISH,0,0
Denmark,Cambodia,PEA WHEAT BLENDED,273999.0959238027,
Denmark,Cambodia,VEGETABLE OIL,0.0,
Denmark,Guatemala,PEAS,99245.89500095282,
Denmark,Guinea,PEAS,344981.4500889285,
Denmark,Nicaragua,VEGETABLE OIL,0.0,
Denmark,Nicaragua,PEAS,283236.00171504804,
Denmark,Pakistan,VEGETABLE OIL,0.0,0
Denmark,Sao Tome and Principe,VEGETABLE OIL,0.0,
Italy,Burundi,RICE,2252870.615417095,2232243.380899852
Italy,El Salvador,CORN-SOYA BLEND,356158.87713062024,346951.6357133221
Italy,Sierra Leone,RICE,1369116.887077886,6571935.9002679065
Japan,Madagascar,RICE,6716934.783851931,23230571.372273117
Libyan Arab Jamahiriya,Niger,MAIZE,345337.044534413,1250456.101444909
Libyan Arab Jamahiriya,Niger,MILLET,1290214.2857142857,0
Libyan Arab Jamahiriya,Niger,DRIED FRUITS DATES,105249.60348445247,204685.90864210908
Libyan Arab Jamahiriya,Niger,MANIOC,0.0,114457.57664577638
Norway,Benin,CANNED FISH,,
Switzerland,Romania,DAIRY PRODUCTS,0.0,25907.68030843268
United Kingdom,Niger,HARD BISCUITS,,
United States of America,Bangladesh,WHEAT,16671400.48200559,-5104639.994798199
United States of America,Djibouti,WHEAT FLOUR,2864855.249235652,0
United States of America,Djibouti,CORN-SOYA BLEND,78037.19568067137,104803.12939322076
United States of America,Djibouti,VEGETABLE OIL,95911.30388236456,
United States of America,Honduras,SOYA BEANS,23633763.82726518,0
United States of America,Indonesia,SOYA-FORTIFIED MAIZE MEAL,3125458.6037239144,4633435.627254976
United States of America,Indonesia,LENTILS,1033418.8216545254,0
United States of America,Iraq,WHEAT FLOUR,9300806.648600968,18618153.8794652
United States of America,Malawi,SOYA-FORTIFIED MAIZE MEAL,2937793.2634578845,6053938.062819702
United States of America,Malawi,BEANS,651862.1180734034,
United States of America,Malawi,PINTO BEANS,904302.6749941168,
United States of America,Senegal,RICE,4784619.515836884,3418648.826978419
United States of America,Sierra Leone,WHEAT,1384706.9106230526,
United States of America,Sierra Leone,BEANS,66815.70349894035,
United States of America,Sierra Leone,LENTILS,1336317.441794645,0
United States of America,Sierra Leone,RICE,11309100.673796272,41577009.077994354
United States of America,Swaziland,PEAS,660249.9094415716,
United States of America,Zambia,PEAS,1101862.2536616274,0
Belgium,Niger,CORN-SOYA BLEND,1548.0554797243751,51645.04938625303
Belgium,Niger,MISCELLANEOUS,,
Canada,Afghanistan,VEGETABLE OIL,5718922.083096912,0
Canada,Algeria,BEANS,781833.872165301,-604954.3034883775
Canada,Côte d'Ivoire,LENTILS,1976739.6135764525,
Canada,Eritrea,VEGETABLE OIL,1478206.4703875438,
Canada,Peru,WHEAT,5230712.362429731,8423491.445822893
Canada,Zambia,PEAS,1527287.3775791118,0
Denmark,Benin,VEGETABLE OIL,0.0,
Denmark,Benin,PEAS,184811.49111906884,
Denmark,Gambia,VEGETABLE OIL,0.0,
Denmark,Ghana,VEGETABLE OIL,0.0,
Denmark,Madagascar,PEA WHEAT BLENDED,238260.08341200236,0
Denmark,Rwanda,PEAS,197132.25719367343,
Denmark,Sierra Leone,PEA WHEAT BLENDED,393129.1376298038,
Denmark,Sudan,VEGETABLE OIL,0.0,
Denmark,Sudan,PEAS,73924.59644762753,
Egypt,Niger,RICE,174717.18692428916,351899.4720571895
Egypt,Niger,WHEAT FLOUR,130813.53936260882,193730.79872808568
Egypt,Niger,VEGETABLE OIL,24014615.053948347,0
Germany,Niger,VEGETABLE OIL,224773.7702456784,
Germany,Niger,BEANS,6136.350676263534,18450.709596177123
Germany,Niger,LENTILS,0.0,
Japan,Haiti,RICE,4228157.3932797555,11311956.161458263
Netherlands,Uganda,SUGAR,0.0,279677.7843749558
Norway,Lao People's Democratic Republic,CANNED FISH,,
Saudi Arabia,Burkina Faso,CEREALS AND GRAINS,0.0,
United States of America,Colombia,RICE,6453320.816796577,826526.6272735593
United States of America,Colombia,VEGETABLE OIL,479201.683071092,
United States of America,Colombia,LENTILS,1280370.284898176,
United States of America,Georgia,BEANS,11517.692277976006,
United States of America,Georgia,PEAS,17901.366417271758,
United States of America,Indonesia,WHEAT,18495314.457656465,
United States of America,Kenya,WHEAT FLOUR,3952349.1417321367,
United States of America,Niger,SORGHUM,2700563.218978849,0
United States of America,Niger,MISCELLANEOUS,,
United States of America,Niger,LENTILS,746912.3621337535,0
United States of America,Niger,PEAS,773515.832845076,
United States of America,Sri Lanka,WHEAT FLOUR,3526937.4876457755,
United States of America,Sri Lanka,LENTILS,623258.4548530224,
United States of America,Zimbabwe,PINTO BEANS,815516.5941765126,-324907.77384904784
Canada,Algeria,LENTILS,3013322.5816714214,0
Canada,Bolivia,WHEAT,6840162.320100416,
Canada,Ghana,PEAS,179779.57045975578,
Canada,Guinea,PEAS,269669.35568963364,
Canada,Sierra Leone,LENTILS,291689.6259057936,
Canada,Somalia,PEAS,1827758.9663408503,0
Denmark,Bolivia,PEAS,359766.369378454,
Denmark,Cape Verde,VEGETABLE OIL,0.0,
Denmark,Guinea,VEGETABLE OIL,0.0,0
Denmark,Kenya,VEGETABLE OIL,0.0,
European Community,Chad,CORN-SOYA BLEND,1065962.9896778073,1443375.8471261184
Finland,Chad,VEGETABLE OIL,0.0,
India,Chad,RICE,12650757.70444519,15613188.404915389
Italy,Chad,RICE,161320.12501430008,488750.6355009932
Japan,Burundi,CANNED FISH,,
Japan,Eritrea,WHEAT,3852226.464620152,17134408.899607792
Qatar,Afghanistan,DRIED FRUITS,0.0,319964.8368474931
South Africa,Mozambique,MAIZE,33903.166355481946,69518.55992436662
South Africa,Mozambique,RICE,58572.81827655315,23336.42098214808
South Africa,Mozambique,BISCUITS,,
Spain,Liberia,CANNED MEAT,7619924.331338838,-1531424.5674136733
Switzerland,Ghana,ENRICHED DRIED SKIM MILK,0.0,22767.901215873364
Switzerland,Peru,ENRICHED DRIED SKIM MILK,0.0,0.0
United States of America,Bangladesh,SOYA OIL,53704959.67815633,
United States of America,El Salvador,RICE,1355091.2399671117,254443.6799215222
United States of America,Gambia,SOYA-FORTIFIED SORGHUM GRITS,292106.6832727852,
United States of America,Gambia,WHEAT-SOYA BLEND,361405.19903285394,
United States of America,Gambia,LENTILS,38129.59100587387,
United States of America,Guinea,MAIZE MEAL,671387.9120382034,3654697.7881655097
United States of America,Guinea,SOYA-FORTIFIED MAIZE MEAL,435176.7014212812,902598.7879033296
United States of America,India,SOYA OIL,18061489.41557043,28546151.15998857
United States of America,Senegal,SOYA-FORTIFIED SORGHUM GRITS,289463.81328126945,
United States of America,Senegal,WHEAT-SOYA BLEND,993864.2973403484,0
United States of America,Tajikistan,PEAS,386536.911898868,1948390.6582170152
Belgium,Occupied Palestinian Territory,DRIED WHOLE MILK,0.0,602256.5700791071
Canada,Afghanistan,WHEAT,2689122.6376081053,2796424.596555999
Canada,Burkina Faso,PEAS,239706.09394634105,
Canada,Chad,WHEAT,3193427.6873446377,6926568.7790841805
Canada,Côte d'Ivoire,VEGETABLE OIL,1524402.6739316469,0
Canada,Ethiopia,PEAS,6595573.101457059,16200843.409852244
Canada,Ghana,VEGETABLE OIL,277166.13772250264,
Canada,Peru,VEGETABLE OIL,461939.8683567986,
Canada,Peru,PEAS,689155.0200957304,613597.0356733993
Canada,Rwanda,PEAS,988787.6375286567,0
Canada,Sierra Leone,VEGETABLE OIL,323359.5703810766,
"Congo, Democratic Republic of the",Niger,MAIZE MEAL,216366.05029967203,91052.10957753574
"Congo, Democratic Republic of the",Niger,RICE,107019.47622714951,-44044.90075728104
Denmark,Cameroon,VEGETABLE OIL,0.0,
Denmark,Central African Republic,VEGETABLE OIL,0.0,
Denmark,Djibouti,PEA WHEAT BLENDED,178695.06255900176,
Denmark,Djibouti,VEGETABLE OIL,0.0,
Denmark,Djibouti,PEAS,248114.73750238208,
Denmark,Lesotho,PEAS,98566.12859683672,
Denmark,Mali,PEA WHEAT BLENDED,262086.09175320252,981185.437216124
Denmark,Mauritania,VEGETABLE OIL,0.0,
Denmark,Mozambique,PEAS,407774.8716691546,0
Denmark,Niger,VEGETABLE OIL,0.0,
Denmark,Niger,PEAS,147849.19289525505,
Denmark,Sierra Leone,VEGETABLE OIL,0.0,0
Denmark,Tanzania,VEGETABLE OIL,0.0,
European Community,Tajikistan,SOYA OIL,49465093.470828295,3488337409.8123155
European Community,Tajikistan,PEAS,20422.29044558246,113078.42825744118
Greece,Niger,CORN-SOYA BLEND,46558.04402430235,219407.48030558467
Italy,Eritrea,CORN-SOYA BLEND,2987777.2470402033,23050938.620747782
Italy,Niger,CORN-SOYA BLEND,899391.1038652027,4419919.382732538
Japan,Burkina Faso,RICE,5640955.747450715,14125147.544847982
Japan,Mongolia,WHEAT,10534615.936130997,
Netherlands,Angola,SUGAR,0.0,772174.5571688035
Netherlands,Djibouti,SUGAR,0.0,
Nigeria,Niger,MAIZE,3110288.1241627475,4087856.019406181
Nigeria,Niger,MILLET,1152694.9442199029,
Nigeria,Niger,RICE,2049610.7602605105,-459623.41263068095
Nigeria,Niger,SORGHUM,4057433.491789744,
"Korea, Republic of","Korea, Democratic People's Republic of",RICE,340659072.3211753,344259075.0009878
Spain,Angola,CANNED MEAT,8020972.980356672,-5318284.194408232
Spain,Côte d'Ivoire,CANNED MEAT,3408913.516651586,817598.626278371
Spain,Haiti,CANNED MEAT,7418435.947577475,-2800298.105405853
United States of America,Afghanistan,WHEAT FLOUR,5139373.682478825,2029692.9957621305
United States of America,"Korea, Democratic People's Republic of",MAIZE,4920024.72684502,9424251.922119005
United States of America,"Korea, Democratic People's Republic of",WHEAT,16475266.358687878,1826787.70000444
United States of America,El Salvador,VEGETABLE OIL,63918.49218837713,
United States of America,Kenya,SOYA-FORTIFIED MAIZE MEAL,814192.8185568982,981246.0943366868
United States of America,East Timor,VEGETABLE OIL,351649.2071116804,
Belgium,Occupied Palestinian Territory,LENTILS,0.0,
Canada,Bolivia,LENTILS,1355995.1617521397,
Canada,Lesotho,PEAS,299632.61743292626,
Canada,Mauritania,WHEAT,1443475.4307858967,
Canada,Somalia,WHEAT,2691805.0542042227,34836031.93290866
Canada,Zambia,VEGETABLE OIL,739103.2351937719,
Denmark,Bangladesh,PEA WHEAT BLENDED,547998.1918476054,2315926.880962593
Denmark,Central African Republic,PEAS,74207.83244934258,
Denmark,Chad,VEGETABLE OIL,0.0,
Finland,Senegal,VEGETABLE OIL,0.0,
France,Mauritania,WHEAT,699078.2697841958,
Japan,Bhutan,CANNED FISH,,
Japan,Congo,RICE,2270715.035906658,
Japan,Djibouti,RICE,3474664.9377219104,
Japan,Egypt,CANNED FISH,,
Japan,Guinea,RICE,7740701.7071642205,33967640.69003077
Japan,Jordan,CANNED FISH,,
Japan,Mauritania,RICE,7915765.851050622,5205892.372944048
Japan,Yemen,CANNED FISH,,
Malaysia,Kenya,VEGETABLE OIL,0.0,0
Malaysia,Sri Lanka,VEGETABLE OIL,0.0,
Saudi Arabia,Pakistan,DRIED FRUITS,0.0,10652511.263889864
Spain,Sao Tome and Principe,CANNED MEAT,1002621.622544584,-224915.56571842125
Switzerland,Chad,ENRICHED DRIED SKIM MILK,0.0,0.0
Switzerland,Guatemala,ENRICHED DRIED SKIM MILK,0.0,0.0
Switzerland,Zambia,ENRICHED DRIED SKIM MILK,0.0,0.0
United States of America,Benin,PULSES,231628.35657773845,
United States of America,Central African Republic,PEAS,109894.4993949183,
United States of America,El Salvador,BEANS,39101.25645506058,
United States of America,Nicaragua,SOYA OIL,15024601.814722307,0
Algeria,Mali,RICE,8519292.929292928,18752718.58665239
Algeria,Mozambique,RICE,11112121.212121211,50319808.23190471
Australia,Bangladesh,WHEAT,116833067.88111018,-37906937.49781269
Canada,Lesotho,VEGETABLE OIL,230969.9341783993,
Canada,Liberia,VEGETABLE OIL,1154846.9000064672,
Canada,Liberia,PEAS,1197451.7923089466,
Canada,Malawi,VEGETABLE OIL,692859.926595671,
Canada,Swaziland,VEGETABLE OIL,230969.9341783993,
Denmark,Bhutan,PEA WHEAT BLENDED,119130.04170600115,417614.3928111149
Egypt,Ethiopia,CEREALS AND GRAINS,0.0,221090.02021410957
European Community,"Congo, Democratic Republic of the",ENRICHED DRIED SKIM MILK,48476.50606341136,310552.642841725
European Community,"Congo, Democratic Republic of the",SUGAR,131792.53398777737,-6046.690813652458
European Community,"Congo, Democratic Republic of the",VEGETABLE OIL,539673.7139963083,
European Community,Eritrea,SUGAR,158151.04078533285,
European Community,Eritrea,SOYA OIL,359782.4759975389,
European Community,Haiti,SUGAR,60624.56563437759,36814.77410026977
Finland,Egypt,VEGETABLE OIL,0.0,501920.0089396744
Finland,Lesotho,VEGETABLE OIL,0.0,
Finland,Yemen,VEGETABLE OIL,0.0,
Italy,Armenia,SUGAR,0.0,
Italy,Georgia,RICE,614180.7855218347,
Italy,Georgia,CHEESE,0.0,91069.51847992398
Italy,Georgia,VEGETABLE OIL,800130.2238177425,
Italy,Mauritania,CORN-SOYA BLEND,178079.43856531012,904636.209211248
Japan,Benin,RICE,4580333.214899183,6179168.810723251
Japan,Cambodia,RICE,7709988.699464852,19254418.861956477
Japan,Côte d'Ivoire,RICE,2354663.923618266,7583018.916767456
Japan,Haiti,CANNED FISH,,
Japan,Lao People's Democratic Republic,CANNED FISH,,
Japan,Rwanda,CANNED FISH,,
Japan,Syrian Arab Republic,CANNED FISH,,
Luxembourg,"Korea, Democratic People's Republic of",WHEAT,1483963.4720564887,2870944.926730567
Malaysia,Somalia,VEGETABLE OIL,0.0,
Saudi Arabia,Mauritania,DRIED FRUITS DATES,350459.00209345826,-8675.682705405598
Spain,Algeria,RICE,1273035.5208730716,
Spain,Mali,RICE,339476.13889948576,419397.22502247104
Spain,Mali,WHEAT FLOUR,5834.446794374022,4755.219738930689
Spain,Mali,SUGAR,11254.666870473342,10327.257532436986
Switzerland,Algeria,CHEESE,0.0,0.0
Switzerland,Cuba,ENRICHED DRIED SKIM MILK,0.0,0.0
Switzerland,Senegal,MILK,0.0,27454.50031985174
United States of America,Afghanistan,SOYA OIL,94782860.38436519,0
United States of America,Afghanistan,SOYA BEANS,16527107.571514113,
United States of America,Bolivia,VEGETABLE OIL,1726230.846797882,
United States of America,Cambodia,RICE,1618071.327173928,1711751.9409341365
United States of America,Cambodia,FISH,,
United States of America,Cambodia,OILS AND FATS,64580.27859326157,
United States of America,Cambodia,TEXTURED SOY PROTEINS,171881.91874374676,
United States of America,Cameroon,RICE,19138478.063347537,35768231.14537619
United States of America,Central African Republic,MAIZE MEAL,217129.9831201246,
United States of America,Eritrea,COMMON WHEAT,5354461.56657356,10748268.771914996
United States of America,Guatemala,PULSES,1959932.2479654795,
United States of America,Guatemala,SOYA BEANS,11238433.148629596,
United States of America,Guatemala,SOYA FLOUR,42776043.126271814,0
United States of America,Guinea,RICE,417566.7941094008,906332.448758844
United States of America,Guinea,PINTO BEANS,394604.8036337964,
United States of America,Guinea,WHEAT FLOUR,8295874.570006945,
United States of America,Guinea-Bissau,VEGETABLE OIL,1726230.846797882,
United States of America,Honduras,WHEAT FLOUR,1964812.39815954,
United States of America,Honduras,LACTO SOYA BLEND,5949758.72574508,
United States of America,Iraq,SOYA FLOUR,17013198.97067629,
United States of America,Jamaica,BARLEY,688337.3776823131,
United States of America,Jamaica,RICE,6959446.5684900135,
United States of America,Jamaica,WHEAT FLOUR,1488494.2410299545,
United States of America,Jamaica,CORN-SOYA BLEND,839410.4949516461,
United States of America,Jamaica,BUCKWHEAT,3533903.5706520183,
United States of America,Jamaica,DEHYDRATED POTATOES,55260.032934023664,
United States of America,Jamaica,SOYA OIL,2397542.8427748363,
United States of America,Jamaica,BEANS,1308828.6679518188,
United States of America,Jamaica,TEXTURED SOY PROTEINS,330542.1514302822,
United States of America,Kyrgyzstan,RICE,347972.32842450065,33709.94914389076
United States of America,Kyrgyzstan,WHEAT FLOUR,992329.4940199696,79959.67578974261
United States of America,Kyrgyzstan,SOYA OIL,959017.1371099344,3495267.825094189
United States of America,Lebanon,WHEAT,23536094.798125543,-3700829.456567975
United States of America,Mali,CORN-SOYA BLEND,1098677.535706371,1502929.4860671265
United States of America,Mauritania,RICE,6959446.5684900135,-171211.58453001862
United States of America,Nicaragua,MAIZE,205001.03028520916,615113.229122156
United States of America,Nicaragua,BUCKWHEAT,1060171.0711956054,
United States of America,Nigeria,SOYA FLOUR,17499290.369838472,
United States of America,Pakistan,VEGETABLE OIL,7647320.930094861,
United States of America,Philippines,WHEAT,18240473.46854729,
United States of America,Moldova,WHEAT FLOUR,12543044.804412415,-456254.88336247776
United States of America,Moldova,DEHYDRATED POTATOES,69075.04116752958,240904.23688911463
United States of America,Moldova,VEGETABLE OIL,1150820.5645319214,935800.13892796
United States of America,Moldova,PINTO BEANS,1479768.0136267366,776511.1593028902
United States of America,Uganda,WHEAT,21967021.81158384,
United States of America,Zambia,PRE-PACKAGED FOOD PARCELS,,
